1,google.com
2,facebook.com
3,netflix.com
4,youtube.com
5,amazon.com
6,microsoft.com
7,twitter.com
8,tmall.com
9,instagram.com
10,linkedin.com
11,baidu.com
12,wikipedia.org
13,yahoo.com
14,qq.com
15,apple.com
16,live.com
17,sohu.com
18,taobao.com
19,yelp.com
20,adobe.com
21,bing.com
22,blogspot.com
23,pinterest.com
24,wikipedia.com
25,googletagmanager.com
26,reddit.com
27,360.cn
28,msn.com
29,fandom.com
30,youtu.be
31,weibo.com
32,ebay.com
33,vimeo.com
34,wordpress.com
35,jd.com
36,sina.com.cn
37,doubleclick.net
38,goo.gl
39,buzzfeed.com
40,vk.com
41,amazonaws.com
42,github.com
43,office.com
44,bit.ly
45,tumblr.com
46,godaddy.com
47,imgur.com
48,mozilla.org
49,alipay.com
50,espn.com
51,dropbox.com
52,skype.com
53,wordpress.org
54,google-analytics.com
55,googleusercontent.com
56,yahoo.co.jp
57,csdn.net
58,nflxso.net
59,1.aaa
60,xinhuanet.com
61,nytimes.com
62,giphy.com
63,flickr.com
64,medicalnewstoday.com
65,soundcloud.com
66,gravatar.com
67,imdb.com
68,t.co
69,okezone.com
70,office365.com
71,urbandictionary.com
72,stackoverflow.com
73,microsoftonline.com
74,nih.gov
75,google.com.hk
76,cnn.com
77,walmart.com
78,nflximg.com
79,apache.org
80,yandex.ru
81,livejasmin.com
82,w3.org
83,paypal.com
84,twitch.tv
85,theguardian.com
86,sourceforge.net
87,babytree.com
88,bbc.co.uk
89,stackexchange.com
90,medium.com
91,aliexpress.com
92,naver.com
93,europa.eu
94,windowsupdate.com
95,indeed.com
96,booking.com
97,pornhub.com
98,google.co.in
99,forbes.com
100,amazon.co.jp
101,bbc.com
102,fbcdn.net
103,archive.org
104,whitepages.com
105,soso.com
106,slideshare.net
107,tribunnews.com
108,whatsapp.com
109,spotify.com
110,go.com
111,glassdoor.com
112,zillow.com
113,legacy.com
114,weebly.com
115,php.net
116,mail.ru
117,thehill.com
118,akamaiedge.net
119,force.com
120,windows.net
121,bustle.com
122,amazon.co.uk
123,googlesyndication.com
124,virginmedia.com
125,so.com
126,washingtonpost.com
127,tianya.cn
128,businessinsider.com
129,icloud.com
130,google.de
131,issuu.com
132,ytimg.com
133,googleadservices.com
134,akag.accountant
135,creativecommons.org
136,oracle.com
137,cnet.com
138,ok.ru
139,hao123.com
140,amazon.in
141,wixsite.com
142,cnbc.com
143,reuters.com
144,github.io
145,goodreads.com
146,wix.com
147,wellsfargo.com
148,aol.com
149,gfycat.com
150,wsj.com
151,bongacams.com
152,gnu.org
153,dailymotion.com
154,weather.com
155,myshopify.com
156,hp.com
157,worldlifestyle.com
158,ranker.com
159,google.co.jp
160,wikimedia.org
161,tinyurl.com
162,people.com
163,zhanqi.tv
164,google.com.br
165,panda.tv
166,bloomberg.com
167,xvideos.com
168,ibm.com
169,mit.edu
170,harvard.edu
171,caijing.com.cn
172,opera.com
173,addthis.com
174,chase.com
175,digicert.com
176,dailymail.co.uk
177,akadns.net
178,amazon.de
179,blogger.com
180,china.com.cn
181,163.com
182,xhamster.com
183,wp.com
184,etsy.com
185,cheatsheet.com
186,google.co.uk
187,sciencedirect.com
188,eventbrite.com
189,googlevideo.com
190,outlook.com
191,stanford.edu
192,slate.com
193,theverge.com
194,wired.com
195,salesforce.com
196,hulu.com
197,alibaba.com
198,google.ru
199,gmw.cn
200,mama.cn
201,ggpht.com
202,akadok.accountant
203,tripadvisor.com
204,facebook.net
205,hugedomains.com
206,drudgereport.com
207,google.fr
208,wikihow.com
209,huffingtonpost.com
210,dropcatch.com
211,craigslist.org
212,google.es
213,usatoday.com
214,telegraph.co.uk
215,hola.org
216,mysql.com
217,cloudflare.com
218,buzzfeednews.com
219,pixnet.net
220,msedge.net
221,scribd.com
222,samsung.com
223,google.it
224,surveymonkey.com
225,researchgate.net
226,youku.com
227,twentytwowords.com
228,detik.com
229,macromedia.com
230,cpanel.com
231,myspace.com
232,politico.com
233,list-manage.com
234,indiatimes.com
235,nasa.gov
236,roblox.com
237,onlinesbi.com
238,debian.org
239,aparat.com
240,huanqiu.com
241,youtube-nocookie.com
242,1688.com
243,crashlytics.com
244,google.cn
245,taboola.com
246,shutterstock.com
247,wiley.com
248,zendesk.com
249,time.com
250,vox.com
251,adnxs.com
252,deloplen.com
253,scorecardresearch.com
254,cdc.gov
255,foxnews.com
256,trello.com
257,rednet.cn
258,marriott.com
259,who.int
260,w3schools.com
261,washingtonexaminer.com
262,nature.com
263,quizlet.com
264,livejournal.com
265,wattpad.com
266,mlb.com
267,akab.accountant
268,thestartmagazine.com
269,ettoday.net
270,amazon-adsystem.com
271,youth.cn
272,answers.com
273,kickstarter.com
274,deviantart.com
275,behance.net
276,springer.com
277,mediafire.com
278,rakuten.co.jp
279,free.fr
280,ted.com
281,npr.org
282,google.com.tw
283,demdex.net
284,windows.com
285,vice.com
286,uol.com.br
287,cloudfront.net
288,globo.com
289,un.org
290,newyorker.com
291,statcounter.com
292,aaplimg.com
293,twimg.com
294,refinery29.com
295,discordapp.com
296,sogou.com
297,shopify.com
298,apple-dns.net
299,groupon.com
300,app-measurement.com
301,canva.com
302,independent.co.uk
303,about.com
304,googletagservices.com
305,google.ca
306,variety.com
307,techcrunch.com
308,yy.com
309,bilibili.com
310,latimes.com
311,metropcs.mobi
312,flipkart.com
313,jimdo.com
314,gamespot.com
315,dell.com
316,duckduckgo.com
317,ca.gov
318,fiverr.com
319,comicbook.com
320,ask.com
321,android.com
322,freepik.com
323,google.com.mx
324,quora.com
325,univision.com
326,nginx.org
327,rollingstone.com
328,adsrvr.org
329,msftncsi.com
330,berkeley.edu
331,wetransfer.com
332,sindonews.com
333,line.me
334,www.gov.uk
335,thekitchn.com
336,udemy.com
337,rubiconproject.com
338,okta.com
339,ntp.org
340,intel.com
341,moatads.com
342,cbsnews.com
343,washington.edu
344,2mdn.net
345,cornell.edu
346,nationalgeographic.com
347,pki.goog
348,agumot.accountant
349,mailchimp.com
350,squarespace.com
351,ietf.org
352,pixabay.com
353,gmail.com
354,radio.com
355,state.gov
356,webmd.com
357,mercurynews.com
358,thepiratebay.org
359,themeforest.net
360,akamaihd.net
361,launchpad.net
362,amzn.to
363,fc2.com
364,cdninstagram.com
365,airbnb.com
366,loc.gov
367,intuit.com
368,nickiswift.com
369,zoom.us
370,ebay.de
371,advertising.com
372,aliyun.com
373,cisco.com
374,academia.edu
375,17ok.com
376,bestbuy.com
377,americanexpress.com
378,avito.ru
379,akamaized.net
380,beian.gov.cn
381,dailycaller.com
382,ikea.com
383,criteo.com
384,addtoany.com
385,snopes.com
386,patreon.com
387,digg.com
388,cafemom.com
389,cnblogs.com
390,mashable.com
391,daum.net
392,jrj.com.cn
393,eonline.com
394,mentalfloss.com
395,google.com.tr
396,littlethings.com
397,box.com
398,kompas.com
399,engadget.com
400,disqus.com
401,rlcdn.com
402,savefrom.net
403,ebay.co.uk
404,evernote.com
405,bandcamp.com
406,outbrain.com
407,51sole.com
408,amazon.ca
409,sharepoint.com
410,ft.com
411,unsplash.com
412,google.com.sg
413,pubmatic.com
414,howtogeek.com
415,openx.net
416,digikala.com
417,xnxx.com
418,symantec.com
419,mercadolivre.com.br
420,nginx.com
421,ltn.com.tw
422,amazon.fr
423,doi.org
424,agomib.accountant
425,polygon.com
426,typepad.com
427,nicovideo.jp
428,feedburner.com
429,speedtest.net
430,liputan6.com
431,meetup.com
432,princeton.edu
433,softonic.com
434,casalemedia.com
435,pinimg.com
436,pbs.org
437,slack.com
438,stumbleupon.com
439,ifeng.com
440,chinadaily.com.cn
441,ups.com
442,akamai.net
443,cdstm.cn
444,thoughtcatalog.com
445,steampowered.com
446,gvt2.com
447,coolimba.com
448,agkn.com
449,hilton.com
450,theatlantic.com
451,usnews.com
452,rt.com
453,bitly.com
454,noaa.gov
455,healthline.com
456,expedia.com
457,webs.com
458,s-microsoft.com
459,adp.com
460,hotels.com
461,change.org
462,bluekai.com
463,talktalk.co.uk
464,sfgate.com
465,cpanel.net
466,everesttech.net
467,whatsapp.net
468,grammarly.com
469,247sports.com
470,fb.com
471,accuweather.com
472,patch.com
473,bukalapak.com
474,wayfair.com
475,economist.com
476,mathtag.com
477,mega.nz
478,healthgrades.com
479,cambridge.org
480,umich.edu
481,usps.com
482,bidswitch.net
483,yimg.com
484,timeanddate.com
485,bankofamerica.com
486,tripod.com
487,sun.com
488,onlinevideoconverter.com
489,mozilla.com
490,snapchat.com
491,geocities.com
492,redd.it
493,gizmodo.com
494,akismet.com
495,krxd.net
496,usda.gov
497,agesud.accountant
498,telegram.org
499,nbcnews.com
500,youm7.com
501,amazon.it
502,photobucket.com
503,psu.edu
504,adsafeprotected.com
505,jquery.com
506,columbia.edu
507,thechive.com
508,quantserve.com
509,fedex.com
510,radaronline.com
511,guardian.co.uk
512,us.com
513,t.me
514,grid.id
515,plesk.com
516,huffpost.com
517,chaturbate.com
518,marketwatch.com
519,abs-cbn.com
520,constantcontact.com
521,eastday.com
522,amazon.es
523,t-online.de
524,spanishdict.com
525,target.com
526,google.com.sa
527,azureedge.net
528,prnewswire.com
529,vanityfair.com
530,zdnet.com
531,youporn.com
532,lifewire.com
533,google.pl
534,imore.com
535,washingtontimes.com
536,zhihu.com
537,cbc.ca
538,nypost.com
539,iqiyi.com
540,getpocket.com
541,asos.com
542,capitalone.com
543,nike.com
544,uproxx.com
545,att.com
546,mapquest.com
547,norton.com
548,steamcommunity.com
549,flightaware.com
550,simbaly.com
551,xfinity.com
552,fda.gov
553,tapad.com
554,sixflags.com
555,psychologytoday.com
556,androidcentral.com
557,ndtv.com
558,startribune.com
559,nps.gov
560,zerohedge.com
561,teamviewer.com
562,axs.com
563,baike.com
564,google.com.ar
565,google.co.id
566,sciencemag.org
567,google.com.au
568,eepurl.com
569,whitehouse.gov
570,graduatez.com
571,kayak.com
572,google.com.eg
573,denverpost.com
574,yale.edu
575,miit.gov.cn
576,agemad.accountant
577,edmunds.com
578,tandfonline.com
579,abc.net.au
580,adform.net
581,knowyourmeme.com
582,rambler.ru
583,science101.com
584,dailydot.com
585,bet9ja.com
586,hotstar.com
587,upenn.edu
588,elsevier.com
589,messenger.com
590,verizon.com
591,chicagotribune.com
592,arstechnica.com
593,google.co.th
594,britannica.com
595,51.la
596,wikia.com
597,irs.gov
598,homedepot.com
599,primevideo.com
600,ed.gov
601,douban.com
602,chouftv.ma
603,wiktionary.org
604,sitemaps.org
605,nflxvideo.net
606,hometalk.com
607,redhat.com
608,hubspot.com
609,songkick.com
610,oreilly.com
611,fastcompany.com
612,icepop.com
613,wisc.edu
614,office.net
615,thekrazycouponlady.com
616,consumerreports.org
617,gome.com.cn
618,ampproject.org
619,setn.com
620,miamiherald.com
621,fortune.com
622,medicinenet.com
623,mirror.co.uk
624,sciencealert.com
625,redfin.com
626,uci.edu
627,breitbart.com
628,rakuten.com
629,turn.com
630,unesco.org
631,bobshideout.com
632,avast.com
633,msftconnecttest.com
634,yts.lt
635,epa.gov
636,arnebrachhold.de
637,altervista.org
638,sagepub.com
639,theepochtimes.com
640,oup.com
641,ieee.org
642,6.cn
643,southwest.com
644,agatac.accountant
645,hdfcbank.com
646,ucla.edu
647,popads.net
648,y2mate.com
649,overstock.com
650,example.com
651,iso.org
652,vitals.com
653,luminatinet.com
654,jiameng.com
655,jianshu.com
656,gamepedia.com
657,united.com
658,cars.com
659,parallels.com
660,newrelic.com
661,zend.com
662,live.net
663,ajc.com
664,spankbang.com
665,merriam-webster.com
666,thefreedictionary.com
667,fastly.net
668,chron.com
669,yourtango.com
670,criteo.net
671,sberbank.ru
672,indiegogo.com
673,www.gov.cn
674,momoshop.com.tw
675,playstation.com
676,gvt1.com
677,utexas.edu
678,dribbble.com
679,umn.edu
680,worldbank.org
681,sciencedaily.com
682,google.com.ua
683,ox.ac.uk
684,ameblo.jp
685,bonappetit.com
686,kinopoisk.ru
687,instructables.com
688,businesswire.com
689,topixstars.com
690,mayoclinic.org
691,doubleverify.com
692,nflxext.com
693,thepennyhoarder.com
694,looper.com
695,hootsuite.com
696,uiuc.edu
697,entrepreneur.com
698,trustpilot.com
699,drugs.com
700,foursquare.com
701,ebay-kleinanzeigen.de
702,hbr.org
703,fidelity.com
704,opendns.com
705,asus.com
706,hollywoodreporter.com
707,carfax.com
708,elpais.com
709,instructure.com
710,citi.com
711,firefox.com
712,agadum.accountant
713,feedly.com
714,khanacademy.org
715,investing.com
716,gofundme.com
717,pexels.com
718,spiegel.de
719,nameketathar.pro
720,investopedia.com
721,tistory.com
722,lenovo.com
723,rawstory.com
724,tmz.com
725,smallpdf.com
726,tasty.co
727,inverse.com
728,metropoles.com
729,imrworldwide.com
730,verisign.com
731,ign.com
732,purdue.edu
733,varzesh3.com
734,plos.org
735,bbb.org
736,dw.com
737,zoho.com
738,uk.com
739,rxlist.com
740,cam.ac.uk
741,bet365.com
742,inc.com
743,findagrave.com
744,ow.ly
745,uchicago.edu
746,wunderground.com
747,cmu.edu
748,thesaurus.com
749,macrumors.com
750,epicurious.com
751,icicibank.com
752,custhelp.com
753,qz.com
754,sprint.com
755,facty.com
756,howstuffworks.com
757,popculture.com
758,netscape.com
759,google.co.kr
760,genius.com
761,nextdoor.com
762,letsencrypt.org
763,coursera.org
764,crwdcntrl.net
765,typeform.com
766,dspmulti.com
767,bizrate.com
768,ssl-images-amazon.com
769,ning.com
770,exelator.com
771,lonelyplanet.com
772,cbslocal.com
773,nvidia.com
774,barnesandnoble.com
775,apnews.com
776,allegro.pl
777,westernjournal.com
778,epicgames.com
779,otvfoco.com.br
780,patria.org.ve
781,wish.com
782,thesun.co.uk
783,gismeteo.ru
784,mgid.com
785,amazon.cn
786,aern.accountant
787,nba.com
788,msnbc.com
789,phys.org
790,doordash.com
791,dailykos.com
792,upwork.com
793,cracked.com
794,gearbest.com
795,scientificamerican.com
796,bootstrapcdn.com
797,blogspot.co.uk
798,webex.com
799,mailchi.mp
800,over-blog.com
801,city-data.com
802,dotomi.com
803,elegantthemes.com
804,usgs.gov
805,prezi.com
806,ubuntu.com
807,baseball-reference.com
808,namecheap.com
809,python.org
810,ilovepdf.com
811,boston.com
812,nyu.edu
813,w55c.net
814,news.com.au
815,spotxchange.com
816,jiathis.com
817,ufl.edu
818,serving-sys.com
819,reverso.net
820,earthlink.net
821,3lift.com
822,ftc.gov
823,nydailynews.com
824,joomla.org
825,chinanews.com
826,ny.gov
827,manoramaonline.com
828,cox.net
829,9gag.com
830,namnak.com
831,networkadvertising.org
832,newsweek.com
833,superuser.com
834,eater.com
835,tradingview.com
836,adsymptotic.com
837,ladbible.com
838,foxbusiness.com
839,omtrdc.net
840,hexun.com
841,bizjournals.com
842,imageshack.us
843,adjust.com
844,kumparan.com
845,verystream.com
846,appsflyer.com
847,livescience.com
848,express.co.uk
849,siteadvisor.com
850,aboutads.info
851,autodesk.com
852,arxiv.org
853,lifehacker.com
854,statista.com
855,discord.gg
856,fb.me
857,shareasale-analytics.com
858,marca.com
859,macys.com
860,bmj.com
861,hm.com
862,comodoca.com
863,gotowebinar.com
864,liveleak.com
865,qualtrics.com
866,squareup.com
867,truste.com
868,akat.accountant
869,docusign.net
870,offers.com
871,cctv.com
872,sex.com
873,myway.com
874,duke.edu
875,realtor.com
876,crptgate.com
877,angelfire.com
878,gstatic.com
879,vogue.com
880,media.net
881,minecraft.net
882,uber.com
883,icio.us
884,hotjar.com
885,pcworld.com
886,incometaxindiaefiling.gov.in
887,sakura.ne.jp
888,visualstudio.com
889,usc.edu
890,self.com
891,ziprecruiter.com
892,buff.ly
893,vkontakte.ru
894,smh.com.au
895,mookie1.com
896,scol.com.cn
897,shaparak.ir
898,redtube.com
899,web.de
900,house.gov
901,coinmarketcap.com
902,livedoor.jp
903,illinois.edu
904,oecd.org
905,nist.gov
906,java.com
907,upi.com
908,ea.com
909,optimizely.com
910,geeksforgeeks.org
911,allaboutcookies.org
912,si.edu
913,cnzz.com
914,mercadolibre.com.ar
915,1337x.to
916,msu.edu
917,mixpanel.com
918,zippyshare.com
919,delta.com
920,newegg.com
921,nasdaq.com
922,daily-choices.com
923,pcmag.com
924,collider.com
925,google.gr
926,dedecms.com
927,apartments.com
928,thelist.com
929,olx.ua
930,umd.edu
931,divar.ir
932,openload.co
933,namasha.com
934,gardeningknowhow.com
935,deloitte.com
936,wpengine.com
937,dictionary.com
938,makeuseof.com
939,cosmopolitan.com
940,nbcsports.com
941,idntimes.com
942,toutiao.com
943,afternic.com
944,adx.accountant
945,metro.co.uk
946,lowes.com
947,vrbo.com
948,jstor.org
949,siemens.com
950,apachefriends.org
951,livedoor.com
952,history101.com
953,techradar.com
954,trustarc.com
955,sitescout.com
956,contextweb.com
957,aarp.org
958,costco.com
959,mercadolibre.com.mx
960,teads.tv
961,xe.com
962,history.com
963,suara.com
964,secureserver.net
965,biomedcentral.com
966,leagueoflegends.com
967,ebc.net.tw
968,1rx.io
969,rediff.com
970,zimbio.com
971,harborfreight.com
972,huawei.com
973,thegatewaypundit.com
974,sectigo.com
975,vmware.com
976,rutracker.org
977,kakaku.com
978,sahibinden.com
979,istockphoto.com
980,sendgrid.net
981,cbssports.com
982,google.com.vn
983,bitbucket.org
984,thedailybeast.com
985,trivago.com
986,digitaltrends.com
987,va.gov
988,alexa.com
989,salon.com
990,getbootstrap.com
991,evidon.com
992,zappos.com
993,pandora.com
994,ucsd.edu
995,fao.org
996,battle.net
997,livestly.com
998,envato.com
999,uptodown.com
1000,youdao.com
1001,postgresql.org
1002,clicktripz.com
1003,xbox.com
1004,ihg.com
1005,zol.com.cn
1006,taleo.net
1007,usaa.com
1008,unc.edu
1009,trulia.com
1010,uscis.gov
1011,theconversation.com
1012,openssl.org
1013,wordreference.com
1014,inquirer.net
1015,rottentomatoes.com
1016,joinhoney.com
1017,leboncoin.fr
1018,sky.com
1019,gq.com
1020,discogs.com
1021,rfihub.com
1022,comcast.net
1023,ustream.tv
1024,gmx.net
1025,advanceamericapaydayloans.accountant
1026,td.com
1027,ultimate-guitar.com
1028,acs.org
1029,xing.com
1030,hatenablog.com
1031,edgekey.net
1032,dkn.tv
1033,themeisle.com
1034,huaban.com
1035,census.gov
1036,gettyimages.com
1037,ria.ru
1038,naukri.com
1039,alicdn.com
1040,fontawesome.com
1041,lemonde.fr
1042,bluehost.com
1043,slickdeals.net
1044,yandex.com
1045,tidaltv.com
1046,apa.org
1047,hespress.com
1048,wp.pl
1049,gloyah.net
1050,mi.com
1051,dmoz.org
1052,bhphotovideo.com
1053,kohls.com
1054,billboard.com
1055,syf.com
1056,adobedtm.com
1057,dmm.co.jp
1058,hotmail.com
1059,theglobeandmail.com
1060,creditkarma.com
1061,magiquiz.com
1062,google.ro
1063,cbbp1.com
1064,douyu.com
1065,onet.pl
1066,l6b587txj1.com
1067,asu.edu
1068,fedoraproject.org
1069,starbucks.com
1070,romper.com
1071,spectrum.net
1072,about.me
1073,sbnation.com
1074,finance101.com
1075,flvto.biz
1076,xterca.net
1077,senate.gov
1078,bnsjb1ab1e.com
1079,smartadserver.com
1080,heavy.com
1081,adusek.accountant
1082,business.site
1083,sears.com
1084,pastebin.com
1085,0byv9mgbn0.com
1086,smugmug.com
1087,aa.com
1088,ew.com
1089,usa.gov
1090,ensonhaber.com
1091,dhs.gov
1092,indiamart.com
1093,canada.ca
1094,atlasobscura.com
1095,alltrails.com
1096,cjl58f3agc.com
1097,myornamenti.com
1098,beenverified.com
1099,bitnami.com
1100,livestream.com
1101,susm0q6jys.com
1102,myworkdayjobs.com
1103,thoughtco.com
1104,azure.com
1105,weather.gov
1106,sputniknews.com
1107,libero.it
1108,yr9n47004g.com
1109,tomshardware.com
1110,flashtalking.com
1111,usertrust.com
1112,discovery.com
1113,arizona.edu
1114,techtarget.com
1115,sfx.ms
1116,65vk1fba34.com
1117,cntv.cn
1118,pgatour.com
1119,wp.me
1120,wufoo.com
1121,apartmenttherapy.com
1122,adweek.com
1123,aboutcookies.org
1124,lg.com
1125,unity3d.com
1126,agoda.com
1127,bu.edu
1128,atdmt.com
1129,freebsd.org
1130,slashdot.org
1131,seattletimes.com
1132,appspot.com
1133,userapi.com
1134,elbalad.news
1135,food52.com
1136,gotomeeting.com
1137,fitbit.com
1138,att.net
1139,justdial.com
1140,lijit.com
1141,venturebeat.com
1142,thawte.com
1143,spb.ru
1144,jw.org
1145,pnas.org
1146,nr-data.net
1147,northwestern.edu
1148,weforum.org
1149,ouo.io
1150,nordstrom.com
1151,gunbroker.com
1152,businessweek.com
1153,banvenez.com
1154,orange.fr
1155,atlassian.net
1156,media-amazon.com
1157,pcgamer.com
1158,tencent.com
1159,itu.int
1160,op.gg
1161,utoronto.ca
1162,newscientist.com
1163,last.fm
1164,mitre.org
1165,udel.edu
1166,virginia.edu
1167,biobiochile.cl
1168,blackboard.com
1169,technologyreview.com
1170,drupal.org
1171,popsugar.com
1172,wikidot.com
1173,cvs.com
1174,forms.gle
1175,garmin.com
1176,hatena.ne.jp
1177,000webhostapp.com
1178,egy.best
1179,tinypic.com
1180,jhu.edu
1181,adus.accountant
1182,openstreetmap.org
1183,nikkei.com
1184,googleblog.com
1185,tremorhub.com
1186,104.com.tw
1187,goo.ne.jp
1188,irctc.co.in
1189,eeroup.com
1190,sec.gov
1191,youronlinechoices.com
1192,kissanime.ru
1193,dawmal.com
1194,boingboing.net
1195,nhk.or.jp
1196,rarbg.to
1197,thebalance.com
1198,gov.ao
1199,rutgers.edu
1200,audible.com
1201,staples.com
1202,lync.com
1203,windowscentral.com
1204,dropboxusercontent.com
1205,enable-javascript.com
1206,ebay.com.au
1207,linksynergy.com
1208,colorado.edu
1209,fifa.com
1210,betrad.com
1211,rezka.ag
1212,gap.com
1213,olx.pl
1214,google.co.ve
1215,dallasnews.com
1216,gsmarena.com
1217,autotrader.com
1218,fbsbx.com
1219,boredpanda.com
1220,ucdavis.edu
1221,proofpoint.com
1222,pulzo.com
1223,shein.com
1224,nesn.com
1225,ancestry.com
1226,go-mpulse.net
1227,quantcount.com
1228,nokia.com
1229,brainly.com
1230,tutorialspoint.com
1231,google.com.pk
1232,kaskus.co.id
1233,foodnetwork.com
1234,chasethetrend.com
1235,tamu.edu
1236,bls.gov
1237,kernel.org
1238,homeadvisor.com
1239,avg.com
1240,phpbb.com
1241,iana.org
1242,bidr.io
1243,uspto.gov
1244,horoscope.com
1245,kiwireport.com
1246,theregister.co.uk
1247,iasds01.com
1248,glamour.com
1249,ninisite.com
1250,biblegateway.com
1251,thetimes.co.uk
1252,atlassian.com
1253,globalsign.com
1254,cricbuzz.com
1255,thenextweb.com
1256,indiewire.com
1257,mcafee.com
1258,list-manage1.com
1259,indiana.edu
1260,adunik.accountant
1261,ticketmaster.com
1262,farfetch.com
1263,espncricinfo.com
1264,nflximg.net
1265,osu.edu
1266,4shared.com
1267,draxe.com
1268,sharethrough.com
1269,chartbeat.net
1270,cbs.com
1271,crunchyroll.com
1272,bodybuilding.com
1273,progressive.com
1274,simpli.fi
1275,walgreens.com
1276,wa.gov
1277,itstillruns.com
1278,exoclick.com
1279,pitchfork.com
1280,repubblica.it
1281,gosuslugi.ru
1282,ouedkniss.com
1283,texas.gov
1284,newarena.com
1285,space.com
1286,getawesome2.com
1287,bostonglobe.com
1288,mzstatic.com
1289,poshmark.com
1290,businessinsider.de
1291,as.com
1292,gartner.com
1293,medallia.com
1294,flaticon.com
1295,hyatt.com
1296,namu.wiki
1297,nymag.com
1298,duolingo.com
1299,pixiv.net
1300,medlineplus.gov
1301,cc.com
1302,netdna-ssl.com
1303,motor1.com
1304,me.com
1305,com.com
1306,everydaykoala.com
1307,sarkariresult.com
1308,google.ch
1309,king.com
1310,ivi.ru
1311,xhamsterlive.com
1312,eset.com
1313,subscene.com
1314,docker.com
1315,ads-twitter.com
1316,w.org
1317,bild.de
1318,medscape.com
1319,patheos.com
1320,bleacherreport.com
1321,google.nl
1322,scmp.com
1323,wixstatic.com
1324,azurewebsites.net
1325,zomato.com
1326,yolasite.com
1327,google.be
1328,symcd.com
1329,gyazo.com
1330,news18.com
1331,fool.com
1332,ford.com
1333,adulttubetv.accountant
1334,livingly.com
1335,thewhizproducts.com
1336,definition.org
1337,today.com
1338,lefigaro.fr
1339,360yield.com
1340,avvo.com
1341,campingworld.com
1342,indiatoday.in
1343,americascardroom.eu
1344,verizonwireless.com
1345,allmusic.com
1346,vnexpress.net
1347,pnc.com
1348,google.co.za
1349,360.com
1350,ap.org
1351,licdn.com
1352,directexpose.com
1353,travelocity.com
1354,banggood.com
1355,myanimelist.net
1356,liadm.com
1357,sap.com
1358,findlaw.com
1359,chess.com
1360,rfc-editor.org
1361,smithsonianmag.com
1362,lenta.ru
1363,accorhotels.com
1364,ecosia.org
1365,kde.org
1366,infobae.com
1367,moatpixel.com
1368,bolasport.com
1369,staticflickr.com
1370,ubc.ca
1371,semanticscholar.org
1372,eff.org
1373,hc360.com
1374,careerbuilder.com
1375,siriusxm.com
1376,elmundo.es
1377,ctrip.com
1378,freelancer.com
1379,prweb.com
1380,kaspersky.com
1381,shutterfly.com
1382,telewebion.com
1383,ubi.com
1384,schwab.com
1385,curbed.com
1386,zemanta.com
1387,mylife.com
1388,kakao.com
1389,nintendo.com
1390,navy.mil
1391,iqoption.com
1392,tesla.com
1393,faqs.org
1394,motorsport.com
1395,adultdatings.accountant
1396,cancer.org
1397,aljazeera.com
1398,myworkday.com
1399,prothomalo.com
1400,hurriyet.com.tr
1401,nur.kz
1402,wsbtv.com
1403,creditonebank.com
1404,colorlib.com
1405,moneycontrol.com
1406,timeout.com
1407,mckinsey.com
1408,blizzard.com
1409,wustl.edu
1410,narod.ru
1411,gmanetwork.com
1412,menshealth.com
1413,cnki.net
1414,acm.org
1415,in.gr
1416,emol.com
1417,flic.kr
1418,mnn.com
1419,opensource.org
1420,bigcartel.com
1421,kapanlagi.com
1422,hhs.gov
1423,rei.com
1424,myanmarload.com
1425,azlyrics.com
1426,amd.com
1427,mathrubhumi.com
1428,libsyn.com
1429,adidas.com
1430,disney.com
1431,oxfordjournals.org
1432,nyc.gov
1433,123rf.com
1434,yahoodns.net
1435,arcgis.com
1436,stripe.com
1437,google.com.pe
1438,redbubble.com
1439,2345.com
1440,000webhost.com
1441,rs6.net
1442,lyft.com
1443,history-a2z.com
1444,philips.com
1445,outsideonline.com
1446,bancodevenezuela.com
1447,justice.gov
1448,hicloud.com
1449,novell.com
1450,mixcloud.com
1451,thehindu.com
1452,advanceautoparts.com
1453,nj.com
1454,strikingly.com
1455,usbank.com
1456,insightexpressai.com
1457,popularmechanics.com
1458,bbt.com
1459,socialblade.com
1460,zara.com
1461,nbc.com
1462,4chan.org
1463,merdeka.com
1464,ehow.com
1465,thestar.com
1466,adrianeroriespit.accountant
1467,stremanp.com
1468,thebrighttag.com
1469,meaww.com
1470,elwatannews.com
1471,archives.gov
1472,umblr.com
1473,onenote.net
1474,msdn.com
1475,sacbee.com
1476,chartbeat.com
1477,us.org
1478,kijiji.ca
1479,clickondetroit.com
1480,viber.com
1481,google.com.co
1482,justanswer.com
1483,vidio.com
1484,pitt.edu
1485,ebaumsworld.com
1486,rare.us
1487,stickyadstv.com
1488,asahi.com
1489,yandex.net
1490,fbi.gov
1491,partypoker.com
1492,myvisualiq.net
1493,ncsu.edu
1494,codepen.io
1495,study.com
1496,dpreview.com
1497,perl.org
1498,delicious.com
1499,msocsp.com
1500,onelink.me
1501,discover.com
1502,spectrum.com
1503,ozon.ru
1504,alodokter.com
1505,drom.ru
1506,cuny.edu
1507,amazontrust.com
1508,ibtimes.com
1509,t-mobile.com
1510,strava.com
1511,trafficmanager.net
1512,orbitz.com
1513,nsw.gov.au
1514,myjobhelper.com
1515,kinokrad.co
1516,google.cl
1517,dot.gov
1518,service-now.com
1519,adgrx.com
1520,directv.com
1521,heart.org
1522,aaa.com
1523,flurry.com
1524,dhgate.com
1525,edx.org
1526,cpan.org
1527,beeg.com
1528,amcs-tachyon.com
1529,ovh.net
1530,xda-developers.com
1531,amctheatres.com
1532,depositphotos.com
1533,elle.com
1534,prnt.sc
1535,adhigh.net
1536,nexusmods.com
1537,pippio.com
1538,cnnindonesia.com
1539,tutsplus.com
1540,kbb.com
1541,jamanetwork.com
1542,sportzbonanza.com
1543,softpedia.com
1544,usembassy.gov
1545,rbc.ru
1546,hbo.com
1547,wildberries.ru
1548,nfl.com
1549,innovid.com
1550,nationalinterest.org
1551,t.cn
1552,intoday.in
1553,g.co
1554,powerlinks.com
1555,amazon.com.mx
1556,branch.io
1557,emxdgt.com
1558,utah.edu
1559,ucsb.edu
1560,mopub.com
1561,is.gd
1562,adolescent.accountant
1563,pch.com
1564,lastpass.com
1565,google.at
1566,lego.com
1567,catchpoint.com
1568,dcard.tw
1569,tokopedia.com
1570,dafont.com
1571,sony.com
1572,homestead.com
1573,souq.com
1574,blogspot.ca
1575,cheezburger.com
1576,google.dz
1577,eyeota.net
1578,citrix.com
1579,seznam.cz
1580,canalrcn.com
1581,ethz.ch
1582,golfdigest.com
1583,telegram.me
1584,eksisozluk.com
1585,greenpeace.org
1586,gumgum.com
1587,welt.de
1588,owneriq.net
1589,biglobe.ne.jp
1590,allrecipes.com
1591,focus.cn
1592,caixa.gov.br
1593,mileroticos.com
1594,angieslist.com
1595,lun.com
1596,kompasiana.com
1597,nejm.org
1598,soup.io
1599,intentmedia.net
1600,tributes.com
1601,ucl.ac.uk
1602,hh.ru
1603,500px.com
1604,tufts.edu
1605,n11.com
1606,gallup.com
1607,accenture.com
1608,typekit.net
1609,themegrill.com
1610,icann.org
1611,edgesuite.net
1612,statefarm.com
1613,myfitnesspal.com
1614,olympic.org
1615,iheart.com
1616,openldap.org
1617,mtv.com
1618,9to5mac.com
1619,naver.jp
1620,bttrack.com
1621,kroger.com
1622,nutaku.net
1623,army.mil
1624,caltech.edu
1625,goal.com
1626,videolan.org
1627,cvent.com
1628,reverb.com
1629,scoop.it
1630,vulture.com
1631,dreamstime.com
1632,canon.com
1633,animeflv.net
1634,swagbucks.com
1635,freshdesk.com
1636,jsdelivr.net
1637,grubhub.com
1638,elintransigente.com
1639,abc15.com
1640,aditit.accountant
1641,reference.com
1642,mozilla.net
1643,herokuapp.com
1644,eastmoney.com
1645,computerworld.com
1646,storify.com
1647,unicef.org
1648,cygwin.com
1649,cinecalidad.to
1650,hawaii.edu
1651,albawabhnews.com
1652,gatech.edu
1653,lifedaily.com
1654,81.cn
1655,digitalspy.com
1656,tiqcdn.com
1657,zhaopin.com
1658,fcc.gov
1659,itstillworks.com
1660,zazzle.com
1661,mcdonalds.com
1662,roku.com
1663,udn.com
1664,thomsonreuters.com
1665,vseigru.net
1666,manta.com
1667,dhl.com
1668,google.co.ao
1669,itv.com
1670,oath.com
1671,popsci.com
1672,technorati.com
1673,cia.gov
1674,thrillist.com
1675,lazada.sg
1676,babycenter.com
1677,abril.com.br
1678,thelancet.com
1679,googleapis.com
1680,qj.com.cn
1681,panasonic.com
1682,notify-service.com
1683,docusign.com
1684,energy.gov
1685,fmovies.to
1686,indianexpress.com
1687,fixya.com
1688,yourdictionary.com
1689,mac.com
1690,dropboxapi.com
1691,rd.com
1692,artstation.com
1693,padssup.com
1694,msecnd.net
1695,stuff.co.nz
1696,urdupoint.com
1697,viva.co.id
1698,voanews.com
1699,asana.com
1700,hindustantimes.com
1701,best2019-games-web1.com
1702,searchencrypt.com
1703,kinogo.by
1704,teespring.com
1705,weblio.jp
1706,pchome.com.tw
1707,gitlab.com
1708,kp.ru
1709,astrology.com
1710,dawn.com
1711,skysports.com
1712,blogspot.de
1713,hwcdn.net
1714,congress.gov
1715,theweek.com
1716,adipun.accountant
1717,ssrn.com
1718,deezer.com
1719,consensu.org
1720,euronews.com
1721,thewhizmarketing.com
1722,gutenberg.org
1723,jf71qh5v14.com
1724,mercari.com
1725,pwc.com
1726,click2houston.com
1727,brown.edu
1728,ml314.com
1729,sophos.com
1730,nownews.com
1731,examiner.com
1732,www.nhs.uk
1733,olx.com.br
1734,ccleaner.com
1735,internetdownloadmanager.com
1736,haxx.se
1737,vt.edu
1738,lotterypost.com
1739,domdex.com
1740,forever21.com
1741,automattic.com
1742,cruisecritic.com
1743,crunchbase.com
1744,expressvpn.com
1745,ed.ac.uk
1746,snagajob.com
1747,cloudinary.com
1748,motortrend.com
1749,homehacks.co
1750,securityfocus.com
1751,hepsiburada.com
1752,buffer.com
1753,warnerbros.com
1754,mydailymagazine.com
1755,csmonitor.com
1756,media6degrees.com
1757,brightcove.com
1758,webnode.com
1759,banesconline.com
1760,seekingalpha.com
1761,tractorsupply.com
1762,ucoz.ru
1763,daily-stuff.com
1764,onesignal.com
1765,pof.com
1766,outbrainimg.com
1767,google.pt
1768,brilio.net
1769,hgtv.com
1770,stubhub.com
1771,delish.com
1772,globalnews.ca
1773,wizards.com
1774,cnnic.cn
1775,belk.com
1776,sapo.pt
1777,infowars.com
1778,victoriassecret.com
1779,adwwuz.accountant
1780,redcross.org
1781,ryanair.com
1782,reservations.com
1783,qvc.com
1784,pewresearch.org
1785,sc-cdn.net
1786,jooble.org
1787,netmng.com
1788,chsi.com.cn
1789,google.org
1790,oregonstate.edu
1791,hubpages.com
1792,almanac.com
1793,ey.com
1794,paytm.com
1795,redbull.com
1796,apkpure.com
1797,oregonlive.com
1798,colostate.edu
1799,kotaku.com
1800,deseretnews.com
1801,ebay.it
1802,abcactionnews.com
1803,gmu.edu
1804,memurlar.net
1805,observer.com
1806,miitbeian.gov.cn
1807,interia.pl
1808,trend-chaser.com
1809,netgear.com
1810,wondershare.com
1811,gazeta.ru
1812,codecademy.com
1813,discuz.net
1814,tiny.cc
1815,tiebreaker.com
1816,basketball-reference.com
1817,prestashop.com
1818,jotform.com
1819,frontgatetickets.com
1820,eurekalert.org
1821,samsungapps.com
1822,adroll.com
1823,fast.com
1824,ballotpedia.org
1825,uga.edu
1826,openoffice.org
1827,lifo.gr
1828,abc.es
1829,phicdn.net
1830,corriere.it
1831,mxc.com
1832,here.com
1833,uidai.gov.in
1834,teenvogue.com
1835,createjs.com
1836,topixoffbeat.com
1837,hianznladen.at
1838,chevrolet.com
1839,georgetown.edu
1840,cancer.gov
1841,aksam.com.tr
1842,scribol.com
1843,local10.com
1844,brightcove.net
1845,wa.me
1846,comodoca4.com
1847,lycos.com
1848,cheapoair.com
1849,cimaclub.com
1850,gamer.com.tw
1851,uscourts.gov
1852,google.az
1853,icloud-content.com
1854,nifty.com
1855,tribalfusion.com
1856,tagged.com
1857,imf.org
1858,akegat.accountant
1859,logitech.com
1860,streamable.com
1861,concursolutions.com
1862,unl.edu
1863,kitco.com
1864,prom.ua
1865,53.com
1866,nielsen.com
1867,adblockplus.org
1868,caranddriver.com
1869,moodle.org
1870,thegrio.com
1871,cri.cn
1872,milb.com
1873,gwallet.com
1874,teacherspayteachers.com
1875,blackberry.com
1876,pikabu.ru
1877,msi.com
1878,weather.com.cn
1879,wholefoodsmarket.com
1880,windowsphone.com
1881,made-in-china.com
1882,standard.co.uk
1883,google.se
1884,tianqi.com
1885,techrepublic.com
1886,gmarket.co.kr
1887,codeplex.com
1888,thingiverse.com
1889,moz.com
1890,bankmellat.ir
1891,geotrust.com
1892,renren.com
1893,liveinternet.ru
1894,japanpost.jp
1895,kansascity.com
1896,tacobell.com
1897,kerumal.com
1898,irishtimes.com
1899,wikibuy.com
1900,heise.de
1901,mercadolibre.com.ve
1902,digital.com
1903,gimp.org
1904,uiowa.edu
1905,ytmp3.cc
1906,synchronycredit.com
1907,klix.ba
1908,globalsign.net
1909,livestrong.com
1910,truthfinder.com
1911,pelisplus.co
1912,thestreet.com
1913,tvguide.com
1914,neobux.com
1915,tracfone.com
1916,e2ro.com
1917,privacyshield.gov
1918,mobile.de
1919,jiwu.com
1920,yieldmo.com
1921,filehippo.com
1922,reverbnation.com
1923,myntra.com
1924,monster.com
1925,ulta.com
1926,perl.com
1927,m.me
1928,skimresources.com
1929,popcash.net
1930,ssa.gov
1931,makemytrip.com
1932,woocommerce.com
1933,rackcdn.com
1934,axisbank.co.in
1935,vanderbilt.edu
1936,mcgill.ca
1937,akek.accountant
1938,nationalreview.com
1939,admin.ch
1940,ebates.com
1941,channel4.com
1942,cabelas.com
1943,ibb.co
1944,hesport.com
1945,paypal.me
1946,ipredictive.com
1947,wikibooks.org
1948,autoblog.com
1949,dianping.com
1950,appboy.com
1951,politifact.com
1952,ubisoft.com
1953,cntraveler.com
1954,onmicrosoft.com
1955,ce.cn
1956,americanas.com.br
1957,bhg.com
1958,flipboard.com
1959,rundsp.com
1960,impress.co.jp
1961,lynda.com
1962,fivethirtyeight.com
1963,lww.com
1964,tomsguide.com
1965,freewebs.com
1966,gocomics.com
1967,hotnewhiphop.com
1968,jetblue.com
1969,archiveofourown.org
1970,chip.de
1971,researchnow.com
1972,xero.com
1973,gearpatrol.com
1974,vine.co
1975,pixlr.com
1976,royalbank.com
1977,blog.me
1978,womenshealthmag.com
1979,gpo.gov
1980,chosun.com
1981,okcupid.com
1982,xboxlive.com
1983,cima4u.tv
1984,ccc.de
1985,boc.cn
1986,hpe.com
1987,sharethis.com
1988,jpmorganchase.com
1989,toyota.com
1990,thisoldhouse.com
1991,clevelandclinic.org
1992,dol.gov
1993,rockstargames.com
1994,subway.com
1995,japantimes.co.jp
1996,health.com
1997,askubuntu.com
1998,akemib.accountant
1999,wtop.com
2000,friv.com
2001,usmagazine.com
2002,thesimsresource.com
2003,xkcd.com
2004,chegg.com
2005,justia.com
2006,dailywire.com
2007,legit.ng
2008,theadvocate.com
2009,iherb.com
2010,kooora.com
2011,malwarebytes.com
2012,epwk.com
2013,yahoo.net
2014,brookings.edu
2015,coursehero.com
2016,rochester.edu
2017,teachable.com
2018,joins.com
2019,andhrajyothy.com
2020,adobelogin.com
2021,androidauthority.com
2022,s3xified.com
2023,360doc.com
2024,footprintdns.com
2025,it168.com
2026,withgoogle.com
2027,mapbox.com
2028,podbean.com
2029,discuss.com.hk
2030,petapixel.com
2031,iastate.edu
2032,hardened-php.net
2033,eyeviewads.com
2034,atwola.com
2035,sznews.com
2036,addthisedge.com
2037,honda.com
2038,netdna-cdn.com
2039,britishcouncil.org
2040,isc.org
2041,doodle.com
2042,af.mil
2043,westernunion.com
2044,samsclub.com
2045,eventful.com
2046,blog.jp
2047,fema.gov
2048,esquire.com
2049,helpshift.com
2050,google.hu
2051,privatbank.ua
2052,epfindia.gov.in
2053,meraki.com
2054,transferwise.com
2055,baltimoresun.com
2056,bestplaces.net
2057,choicehotels.com
2058,dmm.com
2059,byu.edu
2060,athemes.com
2061,ukr.net
2062,6pm.com
2063,bloglovin.com
2064,zing.vn
2065,digitru.st
2066,raspberrypi.org
2067,successfactors.com
2068,amomos.accountant
2069,blogspot.com.es
2070,donga.com
2071,google.ae
2072,umass.edu
2073,bizographics.com
2074,dartsearch.net
2075,sportbible.com
2076,gwu.edu
2077,nzherald.co.nz
2078,crazyegg.com
2079,wsu.edu
2080,stackadapt.com
2081,trendmicro.com
2082,factinate.com
2083,gawker.com
2084,bell-labs.com
2085,google.com.ph
2086,landsend.com
2087,milliyet.com.tr
2088,wowhead.com
2089,3dmgame.com
2090,unrulymedia.com
2091,shopee.tw
2092,thinkprogress.org
2093,seasonvar.ru
2094,medicalxpress.com
2095,ctvnews.ca
2096,undp.org
2097,news.cn
2098,collegeboard.org
2099,blogspot.fr
2100,clarin.com
2101,4399.com
2102,cafepress.com
2103,epochtimes.com
2104,tripadvisor.co.uk
2105,nation.com
2106,coupons.com
2107,1drv.ms
2108,indexww.com
2109,mozaws.net
2110,boxofficemojo.com
2111,fujitsu.com
2112,ptt.cc
2113,google.com.my
2114,vatican.va
2115,alternativenation.net
2116,wikispaces.com
2117,nyaa.si
2118,premierleague.com
2119,thebalancecareers.com
2120,jcpenney.com
2121,boutell.com
2122,crazygames.com
2123,buffalo.edu
2124,frontier.com
2125,amitriptyline.accountant
2126,beytoote.com
2127,robinhood.com
2128,huffingtonpost.co.uk
2129,uniqlo.com
2130,planetminecraft.com
2131,yespornplease.com
2132,11st.co.kr
2133,emedicinehealth.com
2134,126.com
2135,sonyentertainmentnetwork.com
2136,bund.de
2137,windowsazure.com
2138,nobelprize.org
2139,mass.gov
2140,informer.com
2141,billdesk.com
2142,fsu.edu
2143,applovin.com
2144,uservoice.com
2145,unsw.edu.au
2146,clutchpoints.com
2147,cdiscount.com
2148,ebscohost.com
2149,officedepot.com
2150,z1.fm
2151,adobe.io
2152,campaign-archive1.com
2153,flightradar24.com
2154,eu.com
2155,neimanmarcus.com
2156,freejobalert.com
2157,globenewswire.com
2158,usf.edu
2159,zeit.de
2160,charlotteobserver.com
2161,broadwayworld.com
2162,segment.io
2163,al.com
2164,sourceware.org
2165,amazon.com.br
2166,bookmyshow.com
2167,readthedocs.io
2168,in.gov
2169,apple.news
2170,manyvids.com
2171,turkiye.gov.tr
2172,dailystar.co.uk
2173,oschina.net
2174,fazenda.gov.br
2175,sonhoo.com
2176,wikiquote.org
2177,digitalocean.com
2178,heraldweekly.com
2179,timewarnercable.com
2180,pngtree.com
2181,anu.edu.au
2182,tynt.com
2183,tableau.com
2184,news4jax.com
2185,jetbrains.com
2186,abola.pt
2187,brealtime.com
2188,mofcom.gov.cn
2189,uptobox.com
2190,metacritic.com
2191,storm.mg
2192,bankrate.com
2193,umeng.com
2194,coinbase.com
2195,amitem.accountant
2196,nhl.com
2197,zhiding.cn
2198,iop.org
2199,newsday.com
2200,cryptobrowser.site
2201,wikisource.org
2202,campaign-archive2.com
2203,gamersky.com
2204,calameo.com
2205,timesonline.co.uk
2206,bt.com
2207,enterprise.com
2208,classiccars.com
2209,33across.com
2210,farsnews.com
2211,hamariweb.com
2212,txxx.com
2213,cell.com
2214,clickfunnels.com
2215,unam.mx
2216,box.net
2217,everydayhealth.com
2218,91jm.com
2219,uod2quk646.com
2220,ib-ibi.com
2221,socdm.com
2222,lapatilla.com
2223,ispot.tv
2224,dyntrk.com
2225,sc-jpl.com
2226,mdpi.com
2227,vesti.ru
2228,eventbrite.co.uk
2229,mawdoo3.com
2230,slashfilm.com
2231,kaiserpermanente.org
2232,skyscanner.com
2233,frontiersin.org
2234,aliyuncs.com
2235,amtrak.com
2236,districtm.io
2237,carmax.com
2238,gaana.com
2239,sonyliv.com
2240,114la.com
2241,emojipedia.org
2242,list-manage2.com
2243,deadline.com
2244,tsinghua.edu.cn
2245,sozcu.com.tr
2246,mfadsrvr.com
2247,blogspot.in
2248,arduino.cc
2249,squid-cache.org
2250,ml.com
2251,pconline.com.cn
2252,qoo10.sg
2253,wipo.int
2254,amipun.accountant
2255,iso.ch
2256,metacafe.com
2257,tinder.com
2258,efu.com.cn
2259,dartmouth.edu
2260,christianpost.com
2261,theage.com.au
2262,hrw.org
2263,lanacion.com.ar
2264,virginia.gov
2265,ticketsatwork.com
2266,rapidgator.net
2267,rice.edu
2268,csod.com
2269,reason.com
2270,pantip.com
2271,extend.tv
2272,yp.to
2273,nolo.com
2274,snapads.com
2275,mom.me
2276,shareasale.com
2277,biography.com
2278,bestdeals.today
2279,smarturl.it
2280,youjizz.com
2281,tunein.com
2282,coe.int
2283,viglink.com
2284,acehardware.com
2285,tempo.co
2286,cnbeta.com
2287,newatlas.com
2288,hotwire.com
2289,ntdtv.kr
2290,googlezip.net
2291,cncn.org.cn
2292,shopee.co.id
2293,3gppnetwork.org
2294,morningstar.com
2295,narcity.com
2296,wampserver.com
2297,faa.gov
2298,smashingmagazine.com
2299,searchengineland.com
2300,mxptint.net
2301,blibli.com
2302,neilpatel.com
2303,ebay.ca
2304,yadi.sk
2305,reclameaqui.com.br
2306,azcentral.com
2307,ycombinator.com
2308,abebooks.com
2309,fullhdfilmizlesene.net
2310,nationalpost.com
2311,worldcat.org
2312,weibo.cn
2313,unity.com
2314,realsimple.com
2315,revelist.com
2316,focus.de
2317,haosou.com
2318,cookpad.com
2319,reviewjournal.com
2320,blog.com
2321,12306.cn
2322,dyndns.org
2323,wonderhowto.com
2324,sueddeutsche.de
2325,propdfconverter.com
2326,esa.int
2327,ameritrade.com
2328,brainyquote.com
2329,matterport.com
2330,blogs.com
2331,51job.com
2332,amipic.accountant
2333,nairaland.com
2334,instacart.com
2335,uu.nl
2336,urbanoutfitters.com
2337,omnitagjs.com
2338,segment.com
2339,semasio.net
2340,kiplinger.com
2341,cern.ch
2342,calendly.com
2343,acuityplatform.com
2344,chinaz.com
2345,git-scm.com
2346,avgle.com
2347,petsmart.com
2348,carid.com
2349,philly.com
2350,vanguard.com
2351,wired.co.uk
2352,sketchup.com
2353,architecturaldigest.com
2354,priceline.com
2355,mic.com
2356,nd.edu
2357,xiaomi.com
2358,offerup.com
2359,androidpolice.com
2360,sonobi.com
2361,google.cz
2362,lua.org
2363,scholastic.com
2364,lulu.com
2365,deepl.com
2366,2m.ma
2367,cargurus.com
2368,pcgamesn.com
2369,vindicosuite.com
2370,thrtle.com
2371,itch.io
2372,ask.fm
2373,17track.net
2374,wideopencountry.com
2375,livechatinc.com
2376,ucsf.edu
2377,stltoday.com
2378,rockauto.com
2379,fang.com
2380,ring.com
2381,newsobserver.com
2382,wxyz.com
2383,rutube.ru
2384,revcontent.com
2385,nola.com
2386,taringa.net
2387,domesticatedcompanion.com
2388,iyiou.com
2389,dayoo.com
2390,livemint.com
2391,hockeyapp.net
2392,bahn.de
2393,rsc.org
2394,mixer.com
2395,newsmax.com
2396,pole-emploi.fr
2397,sun-sentinel.com
2398,s-msn.com
2399,postrelease.com
2400,sfu.ca
2401,origin.com
2402,altavista.com
2403,orf.at
2404,france24.com
2405,vistaprint.com
2406,kinja.com
2407,game-mode.net
2408,humblebundle.com
2409,fwmrm.net
2410,pinterest.ca
2411,travelandleisure.com
2412,wordplays.com
2413,amigak.accountant
2414,mpg.de
2415,ico.org.uk
2416,dzwww.com
2417,segmentfault.com
2418,drive2.ru
2419,barclaycardus.com
2420,purl.org
2421,plex.tv
2422,aka.ms
2423,lordsfilms.tv
2424,trendingnow.video
2425,domainmarket.com
2426,dangdang.com
2427,siemens.de
2428,visa.com
2429,acer.com
2430,wyndhamhotels.com
2431,phpmyadmin.net
2432,louisvuitton.com
2433,metmuseum.org
2434,tvtropes.org
2435,pornhublive.com
2436,zerodha.com
2437,sbs.com.au
2438,asriran.com
2439,39.net
2440,active.com
2441,nap.edu
2442,ticketweb.com
2443,bestreviews.guide
2444,doublepimp.com
2445,cba.pl
2446,ebay.fr
2447,mynet.com
2448,akstat.io
2449,ohio.gov
2450,scdn.co
2451,zougla.gr
2452,yeniakit.com.tr
2453,alternet.org
2454,uzone.id
2455,business-standard.com
2456,uoregon.edu
2457,icims.com
2458,creativemarket.com
2459,real.com
2460,citylab.com
2461,ally.com
2462,cwi.nl
2463,straitstimes.com
2464,utorrent.com
2465,jerusalemonline.com
2466,symcb.com
2467,tradedoubler.com
2468,haberturk.com
2469,ksat.com
2470,badoo.com
2471,samsungcloud.com
2472,formstack.com
2473,dailypost.ng
2474,bugsnag.com
2475,iu.edu
2476,smartertravel.com
2477,twitpic.com
2478,sbrf.ru
2479,amiban.accountant
2480,onlamp.com
2481,uwaterloo.ca
2482,boardgamegeek.com
2483,googlepages.com
2484,google.sk
2485,allstate.com
2486,papajohns.com
2487,westelm.com
2488,worldofwarcraft.com
2489,dmv.org
2490,uky.edu
2491,spec.org
2492,theculturetrip.com
2493,online-convert.com
2494,provincial.com
2495,foreignpolicy.com
2496,icbc.com.cn
2497,amplitude.com
2498,51cto.com
2499,ilo.org
2500,top5.com
2501,rkdms.com
2502,ecleneue.com
2503,libpng.org
2504,thezoereport.com
2505,mandrillapp.com
2506,codeproject.com
2507,ualberta.ca
2508,doxygen.org
2509,gsu.edu
2510,doxygen.nl
2511,icq.com
2512,subito.it
2513,cdbaby.com
2514,eclipse.org
2515,bedbathandbeyond.com
2516,unimelb.edu.au
2517,lavanguardia.com
2518,cmbchina.com
2519,nordstromrack.com
2520,rapidssl.com
2521,cam4.com
2522,whattoexpect.com
2523,kknews.cc
2524,sc-prod.net
2525,treehugger.com
2526,stockx.com
2527,oreillyauto.com
2528,adition.com
2529,emirates.com
2530,quintag.com
2531,petco.com
2532,bzw315.com
2533,yesky.com
2534,familydoctor.com.cn
2535,amap.com
2536,autohome.com.cn
2537,kizlarsoruyor.com
2538,zmenu.com
2539,suntrust.com
2540,yjc.ir
2541,gzip.org
2542,uefa.com
2543,good.is
2544,mediawiki.org
2545,adage.com
2546,zlib.net
2547,india.com
2548,america-girls.accountant
2549,yumpu.com
2550,poste.it
2551,cnsnews.com
2552,mundohispanico.com
2553,osha.gov
2554,yandex.ua
2555,pa.gov
2556,so-net.ne.jp
2557,tubemogul.com
2558,punchng.com
2559,stitcher.com
2560,seriouseats.com
2561,yout.com
2562,trendyol.com
2563,clinicaltrials.gov
2564,labanquepostale.fr
2565,vividseats.com
2566,pku.edu.cn
2567,adrta.com
2568,gogoanime.io
2569,enimerotiko.gr
2570,skyscanner.net
2571,akamai.com
2572,sakshi.com
2573,e-hentai.org
2574,sina.cn
2575,furaffinity.net
2576,nus.edu.sg
2577,nodejs.org
2578,skyrock.com
2579,blogfa.com
2580,app.link
2581,faz.net
2582,eurogamer.net
2583,bulbagarden.net
2584,sinoptik.ua
2585,setare.com
2586,trueactivist.com
2587,codecanyon.net
2588,aminoapps.com
2589,cbr.com
2590,terra.com.br
2591,ultipro.com
2592,coupang.com
2593,law.com
2594,southcn.com
2595,sephora.com
2596,dbs.com.sg
2597,celtra.com
2598,biblehub.com
2599,cox.com
2600,shape.com
2601,wnd.com
2602,grainger.com
2603,lnk.to
2604,kochava.com
2605,demon.co.uk
2606,squidoo.com
2607,ama-assn.org
2608,ovh.com
2609,treasury.gov
2610,manualslib.com
2611,postimg.org
2612,michigan.gov
2613,ojooo.com
2614,dcinside.com
2615,maryland.gov
2616,3m.com
2617,filimo.com
2618,y8.com
2619,plurk.com
2620,vtv.vn
2621,ambersheddenregistration.accountant
2622,nest.com
2623,hostgator.com
2624,stackpathcdn.com
2625,j.mp
2626,gamestop.com
2627,utk.edu
2628,myfreecams.com
2629,fanfiction.net
2630,nocookie.net
2631,orlandosentinel.com
2632,eu.org
2633,retailmenot.com
2634,skroutz.gr
2635,scotiabank.com
2636,ccm.net
2637,mercantilbanco.com
2638,theonion.com
2639,parents.com
2640,google.co.il
2641,sitepoint.com
2642,motorola.com
2643,nadaguides.com
2644,pcbaby.com.cn
2645,mercola.com
2646,s-msedge.net
2647,easeus.com
2648,mimecast.com
2649,aweber.com
2650,huffingtonpost.ca
2651,webdav.org
2652,vudu.com
2653,suntimes.com
2654,ec-lyon.fr
2655,standardmedia.co.ke
2656,cyol.com
2657,home.pl
2658,theweathernetwork.com
2659,propublica.org
2660,infusionsoft.com
2661,britishairways.com
2662,startpage.com
2663,eenadu.net
2664,haaretz.com
2665,tabelog.com
2666,geocities.jp
2667,dagospia.com
2668,jwplayer.com
2669,vidible.tv
2670,ynet.co.il
2671,fastcgi.com
2672,eporner.com
2673,sjtu.edu.cn
2674,independent.ie
2675,zoosk.com
2676,theintercept.com
2677,livescore.com
2678,adentifi.com
2679,ndrc.gov.cn
2680,mydrivers.com
2681,dezeen.com
2682,oureverydaylife.com
2683,entrust.net
2684,coindesk.com
2685,hotpoptoday.com
2686,mindbodyonline.com
2687,viu.com
2688,rtve.es
2689,analdin.com
2690,inquisitr.com
2691,nsatc.net
2692,thedenverchannel.com
2693,complex.com
2694,arcot.com
2695,mail.com
2696,edublogs.org
2697,sba.gov
2698,freetype.org
2699,pewinternet.org
2700,hindawi.com
2701,jsonline.com
2702,techspot.com
2703,domaintools.com
2704,haofang.net
2705,amacud.accountant
2706,sleepycat.com
2707,ucsc.edu
2708,payu.in
2709,netsuite.com
2710,virgilio.it
2711,payoneer.com
2712,motherjones.com
2713,sherwin-williams.com
2714,adtechus.com
2715,panerabread.com
2716,nation.co.ke
2717,experian.com
2718,care.com
2719,picclick.com
2720,freep.com
2721,uploaded.net
2722,tass.ru
2723,ets.org
2724,academy.com
2725,techsmith.com
2726,bitdefender.com
2727,uh.edu
2728,tarafdari.com
2729,connexity.net
2730,ensighten.com
2731,missouri.edu
2732,memcached.org
2733,sfr.fr
2734,diigo.com
2735,mathworks.com
2736,bitmoji.com
2737,cafe24.com
2738,namebright.com
2739,indoxx1.network
2740,zenfolio.com
2741,beliefnet.com
2742,opensuse.org
2743,cloudflare.net
2744,idnes.cz
2745,xunlei.com
2746,counterpane.com
2747,yellowpages.com
2748,uic.edu
2749,bleepingcomputer.com
2750,jpost.com
2751,virustotal.com
2752,lse.ac.uk
2753,hobbylobby.com
2754,francetvinfo.fr
2755,gucci.com
2756,goodhousekeeping.com
2757,eqxiu.com
2758,clickbank.net
2759,aljazeera.net
2760,wistia.com
2761,rsasecurity.com
2762,amazon.jobs
2763,payscale.com
2764,hwg.org
2765,ge.com
2766,fandango.com
2767,fararu.com
2768,npmjs.com
2769,basecamp.com
2770,jalopnik.com
2771,syfy.com
2772,ora.com
2773,alpha-tube.accountant
2774,srvtrck.com
2775,templatemonster.com
2776,tut.by
2777,avira.com
2778,gretaith.com
2779,smartsheet.com
2780,familysearch.org
2781,isna.ir
2782,adskeeper.co.uk
2783,uq.edu.au
2784,tdbank.com
2785,seeitlive.co
2786,enlightenment.org
2787,worldatlas.com
2788,townhall.com
2789,zdf.de
2790,itmedia.co.jp
2791,archdaily.com
2792,allocine.fr
2793,truoptik.com
2794,dji.com
2795,ccb.com
2796,laptopmag.com
2797,msauth.net
2798,safedog.cn
2799,elfagr.com
2800,2gis.ru
2801,cio.com
2802,inquirer.com
2803,ti.com
2804,topix.com
2805,amnesty.org
2806,key.com
2807,downdetector.com
2808,apxlv.com
2809,adf.ly
2810,anandtech.com
2811,chinatimes.com
2812,goodrx.com
2813,healthcare.gov
2814,flashscore.com
2815,milanuncios.com
2816,google.ie
2817,usp.br
2818,pinterest.co.uk
2819,sabq.org
2820,thedrive.com
2821,serverwatch.com
2822,nerdwallet.com
2823,overdrive.com
2824,spotlightstories.co
2825,apachelounge.com
2826,spirit.com
2827,runoob.com
2828,a-msedge.net
2829,alaskaair.com
2830,v2ex.com
2831,bathandbodyworks.com
2832,star-telegram.com
2833,theknot.com
2834,leparisien.fr
2835,wenming.cn
2836,rapidshare.com
2837,thenation.com
2838,futurism.com
2839,aclu.org
2840,dailyfeed.co.uk
2841,cbp.gov
2842,biblestudytools.com
2843,ijg.org
2844,allungamentopene.accountant
2845,amazon.com.au
2846,hud.gov
2847,bicentenariobu.com
2848,theaustralian.com.au
2849,wassenaar.org
2850,posterous.com
2851,foodandwine.com
2852,sapo.ao
2853,cqnews.net
2854,si.com
2855,jagranjosh.com
2856,blender.org
2857,sabah.com.tr
2858,adoptapet.com
2859,playbill.com
2860,pressreader.com
2861,sendspace.com
2862,match.com
2863,commbank.com.au
2864,michaels.com
2865,movie2free.com
2866,mint.com
2867,gotporn.com
2868,bookdepository.com
2869,lkqd.net
2870,correios.com.br
2871,jamnews.com
2872,mamaslatinas.com
2873,comodo.com
2874,c-span.org
2875,dreamhost.com
2876,1tv.ru
2877,xmlsoft.org
2878,wowkeren.com
2879,proquest.com
2880,urbanairship.com
2881,apache-ssl.org
2882,ohchr.org
2883,xs4all.nl
2884,anjuke.com
2885,yandex.com.tr
2886,thepiratebay.wiki
2887,chinatax.gov.cn
2888,ezinearticles.com
2889,mojang.com
2890,blogspot.com.au
2891,square-enix.com
2892,securecafe.com
2893,olivegarden.com
2894,bigthink.com
2895,smartasset.com
2896,cargocollective.com
2897,axisbank.com
2898,worldation.com
2899,signupgenius.com
2900,cardinalcommerce.com
2901,images-amazon.com
2902,westword.com
2903,7-zip.org
2904,nate.com
2905,ecpms.net
2906,thethao247.vn
2907,jpnn.com
2908,easyjet.com
2909,pdflib.com
2910,wideopeneats.com
2911,trustwave.com
2912,appcast.io
2913,cogocast.net
2914,allopurinol-100mg.accountant
2915,shadbase.com
2916,oxforddictionaries.com
2917,thecut.com
2918,nme.com
2919,mastercard.com
2920,springerlink.com
2921,thinkgeek.com
2922,recode.net
2923,caf.fr
2924,snapdeal.com
2925,jb51.net
2926,ksmobile.com
2927,pscp.tv
2928,modsecurity.org
2929,instyle.com
2930,moma.org
2931,nhentai.net
2932,gog.com
2933,hbs.edu
2934,webrootanywhere.com
2935,rbcroyalbank.com
2936,everydayhealth.com.tw
2937,dsw.com
2938,5ch.net
2939,zopim.com
2940,kongregate.com
2941,mparticle.com
2942,specbench.org
2943,oneindia.com
2944,cleveland.com
2945,film2movie.ws
2946,mlive.com
2947,cointelegraph.com
2948,blabbermouth.net
2949,therealdeal.com
2950,photofans.cn
2951,nordvpn.com
2952,soft98.ir
2953,gemius.pl
2954,foxsports.com
2955,hubspot.net
2956,yenisafak.com
2957,ucr.edu
2958,liftoff.io
2959,sfchronicle.com
2960,freetds.org
2961,liansuo.com
2962,sports.ru
2963,sina.com
2964,ku.edu
2965,networkworld.com
2966,revjet.com
2967,cronolog.org
2968,rankedboost.com
2969,rfi.fr
2970,governmentjobs.com
2971,honeywell.com
2972,gulfnews.com
2973,emory.edu
2974,rozetka.com.ua
2975,hotjar.io
2976,pagesperso-orange.fr
2977,angel.co
2978,dummies.com
2979,jeuxvideo.com
2980,ap.gov.in
2981,scroll.in
2982,turbobit.net
2983,joqalbania.com
2984,familyhandyman.com
2985,cedexis-radar.net
2986,allopurinol.accountant
2987,infoseek.co.jp
2988,logmein.com
2989,lothar.com
2990,url.cn
2991,computerhope.com
2992,talkingpointsmemo.com
2993,crhoy.com
2994,springserve.com
2995,elitetorrent.one
2996,temple.edu
2997,cylance.com
2998,uconn.edu
2999,chewy.com
3000,clickorlando.com
3001,pdfdrive.com
3002,appledaily.com
3003,gazetaexpress.com
3004,everquote.com
3005,dillards.com
3006,bit.do
3007,dzone.com
3008,lmgtfy.com
3009,u-tokyo.ac.jp
3010,leafly.com
3011,webthing.com
3012,afip.gob.ar
3013,gamebase.com.tw
3014,brand-display.com
3015,survata.com
3016,pp.ua
3017,sporx.com
3018,mysearch.com
3019,jcrew.com
3020,huya.com
3021,moe.gov.cn
3022,astrologyanswers.com
3023,golux.com
3024,mymodernmet.com
3025,g2a.com
3026,winzip.com
3027,ip138.com
3028,vidstream.top
3029,shopbop.com
3030,filezilla-project.org
3031,aspnetcdn.com
3032,curseforge.com
3033,activebeat.com
3034,mediawallahscript.com
3035,blog.google
3036,serverfault.com
3037,yna.co.kr
3038,erne.co
3039,braze.com
3040,wolfram.com
3041,company-target.com
3042,mwbsys.com
3043,uhaul.com
3044,ih5.cn
3045,iplanet.com
3046,virtualbox.org
3047,webtoons.com
3048,sundaysky.com
3049,ct.gov
3050,lifehack.org
3051,unm.edu
3052,stripes.com
3053,wkyt.com
3054,sonymobile.com
3055,lentainform.com
3056,yr.no
3057,usajobs.gov
3058,webrootcloudav.com
3059,52pojie.cn
3060,techtudo.com.br
3061,mo.gov
3062,wptv.com
3063,yournewtab.com
3064,woot.com
3065,realclearpolitics.com
3066,caliente.mx
3067,hemmings.com
3068,home.blog
3069,samplicio.us
3070,mgmresorts.com
3071,alamy.com
3072,gusuwang.com
3073,alicebadgeryloud.accountant
3074,36kr.com
3075,ubs.com
3076,excite.co.jp
3077,samsungosp.com
3078,timesofisrael.com
3079,movoto.com
3080,wikiwand.com
3081,coolmathgames.com
3082,imageshack.com
3083,dickssportinggoods.com
3084,utah.gov
3085,nsf.gov
3086,bfmio.com
3087,pardot.com
3088,itau.com.br
3089,wistia.net
3090,marvel.com
3091,jugantor.com
3092,makeleio.gr
3093,deadspin.com
3094,gjirafa.com
3095,newgrounds.com
3096,iobit.com
3097,tapatalk.com
3098,tiktok.com
3099,bloomingdales.com
3100,argaam.com
3101,bartleby.com
3102,pbase.com
3103,wetter.com
3104,tube8.com
3105,mihanblog.com
3106,syr.edu
3107,ifixit.com
3108,sportsretriever.com
3109,cinemablend.com
3110,hopkinsmedicine.org
3111,blismedia.com
3112,vkuservideo.net
3113,aappublications.org
3114,whatismyipaddress.com
3115,excite.com
3116,starwars.com
3117,kemdikbud.go.id
3118,ficbook.net
3119,spiceworks.com
3120,reson8.com
3121,gingerall.com
3122,firstpost.com
3123,lufthansa.com
3124,exblog.jp
3125,rg.ru
3126,gongchang.com
3127,buydomains.com
3128,ceconline.com
3129,20minutos.es
3130,indosport.com
3131,hertz.com
3132,post-gazette.com
3133,diynetwork.com
3134,publinews.gt
3135,mp3hub.com
3136,mainichi.jp
3137,championat.com
3138,udacity.com
3139,etoro.com
3140,proboards.com
3141,hk01.com
3142,bmi.ir
3143,kissasian.sh
3144,auth0.com
3145,cinemark.com
3146,citibankonline.com
3147,cpic.com.cn
3148,alcxemuct.accountant
3149,cyberpolice.cn
3150,namequery.com
3151,gla.ac.uk
3152,theprimarymarket.com
3153,thespruce.com
3154,riotgames.com
3155,disquscdn.com
3156,infoworld.com
3157,flyfrontier.com
3158,dede58.com
3159,cleartax.in
3160,constintptr.com
3161,pptv.com
3162,virtualearth.net
3163,eia.gov
3164,lexisnexis.com
3165,geforce.com
3166,newschannel5.com
3167,foresee.com
3168,pendo.io
3169,elcomercio.com
3170,loopme.me
3171,zhcw.com
3172,mobileadtrading.com
3173,opaque.net
3174,smashballoon.com
3175,rappler.com
3176,globalsources.com
3177,imgix.net
3178,oculus.com
3179,hotmart.com
3180,rsalcdp.com
3181,23andme.com
3182,lonny.com
3183,seagate.com
3184,1377x.to
3185,goethe.de
3186,storiespace.com
3187,theringer.com
3188,rackspace.com
3189,rebelmouse.com
3190,aniview.com
3191,fudan.edu.cn
3192,content-ad.net
3193,msk.ru
3194,narvar.com
3195,rutor.info
3196,apachetutor.org
3197,fas.org
3198,vungle.com
3199,gridoto.com
3200,kpmg.com
3201,adkernel.com
3202,ibiblio.org
3203,3movierulz.com
3204,blogspot.it
3205,songmeanings.com
3206,cms.gov
3207,pbworks.com
3208,nikkeibp.co.jp
3209,paypalobjects.com
3210,thenational.ae
3211,tsa.gov
3212,docin.com
3213,bluestacks.com
3214,gleam.io
3215,publix.com
3216,worthpoint.com
3217,tasteofhome.com
3218,authorize.net
3219,nexac.com
3220,ibtimes.co.uk
3221,alarabiya.net
3222,gazzetta.it
3223,chatwork.com
3224,rentalcars.com
3225,tasnimnews.com
3226,kenh14.vn
3227,albuterol.accountant
3228,synxis.com
3229,pornpics.com
3230,digitaljournal.com
3231,spdate.com
3232,finn.no
3233,federalreserve.gov
3234,lovetoknow.com
3235,drtuber.com
3236,wysasys.com
3237,apachetoday.com
3238,topixparenthood.com
3239,wi.gov
3240,navyfederal.org
3241,saic.gov.cn
3242,miami.edu
3243,whatculture.com
3244,storygize.net
3245,sxyprn.com
3246,zaful.com
3247,offerpropp.com
3248,mundodeportivo.com
3249,regmovies.com
3250,desdev.cn
3251,shopee.vn
3252,marthastewart.com
3253,yallakora.com
3254,chromium.org
3255,ae.com
3256,chronicle.com
3257,onelogin.com
3258,hsn.com
3259,opentable.com
3260,bufferapp.com
3261,dailyvoice.com
3262,akoam.net
3263,thewindowsclub.com
3264,gazeta.pl
3265,narrative.io
3266,eluniversal.com.mx
3267,geek.com
3268,telekom.com
3269,channelnewsasia.com
3270,biglots.com
3271,yomiuri.co.jp
3272,campaign-archive.com
3273,bgr.com
3274,eyny.com
3275,oclasrv.com
3276,mariadb.org
3277,wcpo.com
3278,kriesi.at
3279,1fichier.com
3280,ucalgary.ca
3281,care2.com
3282,manchester.ac.uk
3283,sandiegouniontribune.com
3284,localytics.com
3285,couchsurfing.com
3286,qatarairways.com
3287,defense.gov
3288,airasia.com
3289,wftv.com
3290,spreaker.com
3291,miui.com
3292,sketchfab.com
3293,tp-link.com
3294,tcgplayer.com
3295,actblue.com
3296,ucf.edu
3297,bringatrailer.com
3298,science-a2z.com
3299,avcdn.net
3300,consultant.ru
3301,2conv.com
3302,seesaa.net
3303,sling.com
3304,medicare.gov
3305,torproject.org
3306,kisspng.com
3307,abb.com
3308,ratemyprofessors.com
3309,netperf.org
3310,scotsman.com
3311,nexon.com
3312,homeaway.com
3313,apachehaus.com
3314,oprah.com
3315,carvana.com
3316,ali213.net
3317,rome2rio.com
3318,mehrnews.com
3319,designboom.com
3320,albendazole.accountant
3321,morningpost.com.cn
3322,thestranger.com
3323,pbskids.org
3324,s20dh7e9dh.com
3325,powerbi.com
3326,elespanol.com
3327,moe.edu.cn
3328,lieyunwang.com
3329,appfolio.com
3330,doorblog.jp
3331,xiami.com
3332,encyclopedia.com
3333,ana.co.jp
3334,phoca.cz
3335,fantasypros.com
3336,realestate.com.au
3337,hellomagazine.com
3338,olx.in
3339,canalblog.com
3340,odnoklassniki.ru
3341,yoox.com
3342,torrentwal.com
3343,www.gob.mx
3344,eum-appdynamics.com
3345,kym-cdn.com
3346,scene7.com
3347,videoconverterhd.com
3348,fashionnova.com
3349,avaz.ba
3350,miaminewtimes.com
3351,underarmour.com
3352,auction.co.kr
3353,wendys.com
3354,justgiving.com
3355,netvibes.com
3356,secondlife.com
3357,ruliweb.com
3358,glassdoor.co.in
3359,bigcommerce.com
3360,bc.edu
3361,militarytimes.com
3362,etrade.com
3363,python.ca
3364,anrdoezrs.net
3365,alwafd.news
3366,w3school.com.cn
3367,wral.com
3368,sf-express.com
3369,denofgeek.com
3370,discordapp.net
3371,myfonts.com
3372,ibicn.com
3373,collinsdictionary.com
3374,wwe.com
3375,ucoz.com
3376,imagemagick.com
3377,gigya.com
3378,cjb.net
3379,jivox.com
3380,mof.gov.cn
3381,bestwestern.com
3382,pluralsight.com
3383,bab.la
3384,rit.edu
3385,falafelandcaviar.com
3386,shopee.com.my
3387,gothamist.com
3388,hi.gt
3389,historydaily.org
3390,adotmob.com
3391,express.com
3392,touristtube.com
3393,avito.ma
3394,house365.com
3395,thestar.com.my
3396,freecodecamp.org
3397,cas.cn
3398,protonmail.com
3399,phoenix.edu
3400,dailynews.com
3401,uplynk.com
3402,spokeo.com
3403,service.gov.uk
3404,fotolia.com
3405,al-xxx.accountant
3406,screenrant.com
3407,kommersant.ru
3408,neuvoo.com
3409,imgflip.com
3410,sf.net
3411,bettycrocker.com
3412,10news.com
3413,polyfill.io
3414,onlinedown.net
3415,copts-united.com
3416,hupu.com
3417,24h.com.vn
3418,bazaarvoice.com
3419,usdoj.gov
3420,wease.im
3421,unblog.fr
3422,privat24.ua
3423,oregon.gov
3424,java.net
3425,aps.org
3426,leeds.ac.uk
3427,stripchat.com
3428,newrepublic.com
3429,maybank2u.com.my
3430,google.no
3431,tim.it
3432,fourseasons.com
3433,threebit.net
3434,texastribune.org
3435,reallifecam.com
3436,ig.com.br
3437,harpersbazaar.com
3438,porsche.com
3439,verywellhealth.com
3440,sc-static.net
3441,adap.tv
3442,thepointsguy.com
3443,ruten.com.tw
3444,gigaom.com
3445,dhl.de
3446,shmoop.com
3447,chanel.com
3448,avclub.com
3449,tdameritrade.com
3450,phengung.net
3451,bookingbuddy.com
3452,gameforge.com
3453,4pda.ru
3454,univie.ac.at
3455,comcast.com
3456,credit-agricole.fr
3457,ss2.us
3458,dream.co.id
3459,unixtools.org
3460,gopro.com
3461,bounceexchange.com
3462,informationweek.com
3463,crimeonline.com
3464,copyright.gov
3465,bb.com.br
3466,electrek.co
3467,58.com
3468,yle.fi
3469,getresponse.com
3470,networksolutions.com
3471,wolframalpha.com
3472,joann.com
3473,pinterest.es
3474,quantcast.com
3475,elconfidencial.com
3476,playbuzz.com
3477,pastemagazine.com
3478,akwoo-associates.accountant
3479,123movies.la
3480,esy.es
3481,nhtsa.gov
3482,zeotap.com
3483,diabetes.org
3484,fineartamerica.com
3485,to8to.com
3486,churchofjesuschrist.org
3487,runnersworld.com
3488,panoramio.com
3489,cmoney.tw
3490,typekit.com
3491,zorosrv.com
3492,people.cn
3493,videohub.tv
3494,tribpub.com
3495,uio.no
3496,ria.com
3497,brides.com
3498,adexchangegate.com
3499,uhc.com
3500,movieweb.com
3501,weborama.com
3502,netteller.com
3503,amc.com
3504,illinois.gov
3505,de17a.com
3506,immobilienscout24.de
3507,mk.ru
3508,uva.nl
3509,photoshelter.com
3510,relieved.co
3511,gtarcade.com
3512,houzz.com
3513,xrea.com
3514,thenews.com.pk
3515,commentcamarche.net
3516,formula1.com
3517,levi.com
3518,simplesite.com
3519,shimo.im
3520,lsu.edu
3521,tenki.jp
3522,adsmoloco.com
3523,ynet.com
3524,whiterabbitpress.com
3525,mynavi.jp
3526,businessweekly.com.tw
3527,diariolibre.com
3528,packagist.org
3529,iubenda.com
3530,kidshealth.org
3531,hku.hk
3532,chipotle.com
3533,angop.ao
3534,thewirecutter.com
3535,googletraveladservices.com
3536,avaaz.org
3537,warwick.ac.uk
3538,mangarock.com
3539,otzovik.com
3540,iflscience.com
3541,aastocks.com
3542,documentcloud.org
3543,inhabitat.com
3544,tripsavvy.com
3545,google.fi
3546,css-tricks.com
3547,javatpoint.com
3548,waze.com
3549,gumtree.com.au
3550,rockpapershotgun.com
3551,hbogo.com
3552,appleinsider.com
3553,unt.edu
3554,linktr.ee
3555,adelaide.edu.au
3556,minuto30.com
3557,focuusing.com
3558,tom.com
3559,nwsource.com
3560,yieldoptimizer.com
3561,aktuelle-sieger.accountant
3562,epson.com
3563,alnaharegypt.com
3564,arte.tv
3565,semrush.com
3566,salary.com
3567,alz.org
3568,mobile01.com
3569,gnome.org
3570,tennessean.com
3571,purevolume.com
3572,youronlinechoices.eu
3573,instantcheckmate.com
3574,psychcentral.com
3575,bhaskar.com
3576,kuronekoyamato.co.jp
3577,emarketer.com
3578,ksl.com
3579,videojs.com
3580,viki.com
3581,ncaa.com
3582,heroesofrpg.com
3583,bshare.cn
3584,cybersource.com
3585,hsbc.com.hk
3586,network-auth.com
3587,acrobat.com
3588,simplyhired.com
3589,razer.com
3590,leo.org
3591,sharefile.com
3592,12377.cn
3593,archive.is
3594,fws.gov
3595,asp.net
3596,volvocars.com
3597,americanthinker.com
3598,jumia.com.ng
3599,zju.edu.cn
3600,weborama.fr
3601,loopnet.com
3602,hinet.net
3603,potterybarn.com
3604,xinmin.cn
3605,inven.co.kr
3606,ameba.jp
3607,ntu.edu.tw
3608,template.net
3609,rapid7.com
3610,acompli.net
3611,intercom.io
3612,wbur.org
3613,ghanaweb.com
3614,aetna.com
3615,fsf.org
3616,starwoodhotels.com
3617,sprintpcs.com
3618,bkrtx.com
3619,courant.com
3620,vagaro.com
3621,carsforsale.com
3622,ncsecu.org
3623,gamesradar.com
3624,gm.com
3625,ahajournals.org
3626,nber.org
3627,straighttalk.com
3628,spot.im
3629,studiopress.com
3630,cocolog-nifty.com
3631,unhcr.org
3632,mother.ly
3633,estadao.com.br
3634,voicefive.com
3635,inmobi.com
3636,guitarcenter.com
3637,bola.net
3638,pingdom.com
3639,mercadolibre.com
3640,scielo.br
3641,chinanews.com.cn
3642,wto.org
3643,aken.accountant
3644,streamlabs.com
3645,page.tl
3646,testbook.com
3647,romedy.pro
3648,lazada.co.th
3649,wajm.icu
3650,ebay.es
3651,perimeterx.net
3652,surveygizmo.com
3653,identrust.com
3654,steemit.com
3655,eltiempo.com
3656,creativebloq.com
3657,adaranth.com
3658,ifttt.com
3659,ala.org
3660,ebayimg.com
3661,revolt.tv
3662,mos.ru
3663,federalregister.gov
3664,jezebel.com
3665,bravesites.com
3666,mangakakalot.com
3667,southernliving.com
3668,elmogaz.com
3669,northeastern.edu
3670,1111.com.tw
3671,sat.gob.mx
3672,libreoffice.org
3673,basspro.com
3674,commondreams.org
3675,imagemagick.org
3676,dvtps.com
3677,xdf.cn
3678,nalog.ru
3679,jigsy.com
3680,usccb.org
3681,divxtotal3.net
3682,dytt8.net
3683,plosone.org
3684,cint.com
3685,nationalarchives.gov.uk
3686,ctoutiao.com
3687,otto.de
3688,yorku.ca
3689,summitracing.com
3690,bing.net
3691,thredup.com
3692,benzinga.com
3693,ems.com.cn
3694,antpedia.com
3695,zimbra.com
3696,awin1.com
3697,adultfriendfinder.com
3698,rzd.ru
3699,iz.ru
3700,guinnessworldrecords.com
3701,aftonbladet.se
3702,turbo.az
3703,komonews.com
3704,hightail.com
3705,workingmother.com
3706,uw.edu
3707,fstsrv.com
3708,dalfak.com
3709,aldi.us
3710,equifax.com
3711,jwplatform.com
3712,ultimateclassicrock.com
3713,id5-sync.com
3714,tirto.id
3715,brobible.com
3716,sdpnoticias.com
3717,news24.com
3718,travelermaster.com
3719,extremetech.com
3720,ernet.in
3721,akemim.accountant
3722,tripadvisor.ru
3723,epfl.ch
3724,liberation.fr
3725,cda.pl
3726,boostmobile.com
3727,ssense.com
3728,hackernoon.com
3729,macmillandictionary.com
3730,intentiq.com
3731,javdoe.tv
3732,pro-football-reference.com
3733,suning.com
3734,thestate.com
3735,rightmove.co.uk
3736,insider.com
3737,ocn.ne.jp
3738,seattlepi.com
3739,most.gov.cn
3740,glosbe.com
3741,adme.ru
3742,bfmtv.com
3743,wn.com
3744,banma.com
3745,wsoctv.com
3746,digminecraft.com
3747,truecar.com
3748,mmafighting.com
3749,military.com
3750,orcid.org
3751,download.com
3752,bola.com
3753,insidehighered.com
3754,msocdn.com
3755,youla.ru
3756,ithome.com
3757,veoh.com
3758,thebalancesmb.com
3759,sdsu.edu
3760,canada.com
3761,macworld.com
3762,mapbar.com
3763,roll20.net
3764,creative-serving.com
3765,qianlong.com
3766,userreport.com
3767,yamaha.com
3768,theodysseyonline.com
3769,href.li
3770,pcpartpicker.com
3771,salesforceliveagent.com
3772,caniuse.com
3773,alimama.com
3774,presscustomizr.com
3775,latestsocial.com
3776,xoom.com
3777,yodobashi.com
3778,sc.edu
3779,createspace.com
3780,adebib.accountant
3781,drexel.edu
3782,wordhippo.com
3783,forgeofempires.com
3784,ky.gov
3785,maranhesduve.club
3786,onlyfans.com
3787,igg-games.com
3788,ionos.com
3789,thecrazytourist.com
3790,americanbar.org
3791,thepaper.cn
3792,rpi.edu
3793,williams-sonoma.com
3794,google.lk
3795,sydney.edu.au
3796,nrk.no
3797,liveperson.net
3798,prevention.com
3799,hbonow.com
3800,ansa.it
3801,interpark.com
3802,unep.org
3803,zapmeta.ws
3804,donya-e-eqtesad.com
3805,wearemitu.com
3806,sport.es
3807,grademiners.com
3808,tampabay.com
3809,perfectgirls.net
3810,case.edu
3811,rus.ec
3812,iyfubh.com
3813,legislation.gov.uk
3814,12371.cn
3815,webstaurantstore.com
3816,wikileaks.org
3817,winshang.com
3818,gittigidiyor.com
3819,rent.com
3820,famousbirthdays.com
3821,megaupload.com
3822,evolife.cn
3823,akurat.co
3824,vg.no
3825,bethesda.net
3826,mp3-youtube.download
3827,bumlam.com
3828,blogspot.com.br
3829,main.jp
3830,pochta.ru
3831,lolesports.com
3832,rezync.com
3833,sinaimg.cn
3834,gumroad.com
3835,uvic.ca
3836,clips4sale.com
3837,dstv.com
3838,calculator.net
3839,jst.go.jp
3840,turkishairlines.com
3841,tjx.com
3842,absher.sa
3843,kiro7.com
3844,rr.com
3845,macworld.co.uk
3846,xerox.com
3847,vocabulary.com
3848,themezee.com
3849,ipcc.ch
3850,barrons.com
3851,queensu.ca
3852,tagesschau.de
3853,ibps.in
3854,visual.ly
3855,google.dk
3856,apple.co
3857,sci-hub.tw
3858,mega.co.nz
3859,searchenginejournal.com
3860,googlecode.com
3861,boeing.com
3862,acyclovir.accountant
3863,tripadvisor.in
3864,ocregister.com
3865,jdoqocy.com
3866,cpsc.gov
3867,imagebam.com
3868,apartmentguide.com
3869,net-a-porter.com
3870,ctnsnet.com
3871,sas.com
3872,royalsocietypublishing.org
3873,pennlive.com
3874,mikecrm.com
3875,gtmetrix.com
3876,sedo.com
3877,marinetraffic.com
3878,sheypoor.com
3879,20minutes.fr
3880,mycreditcard.mobi
3881,seek.com.au
3882,tfl.gov.uk
3883,yaplakal.com
3884,pearson.com
3885,zee5.com
3886,aircanada.com
3887,zoosnet.net
3888,infoplease.com
3889,sneakernews.com
3890,xuite.net
3891,goibibo.com
3892,colourlovers.com
3893,china.org.cn
3894,detroitnews.com
3895,afp.com
3896,express.pk
3897,about.google
3898,fraunhofer.de
3899,aolcdn.com
3900,teamunify.com
3901,miniclip.com
3902,irecommend.ru
3903,unh.edu
3904,portaldoholanda.com.br
3905,sanook.com
3906,puma.com
3907,helsinki.fi
3908,conac.cn
3909,bittorrent.com
3910,justfly.com
3911,tsetmc.com
3912,topuniversities.com
3913,letmejerk.com
3914,wuxiaworld.com
3915,wikimapia.org
3916,mediaplex.com
3917,guru99.com
3918,newsbusters.org
3919,daytondailynews.com
3920,idaho.gov
3921,govtrack.us
3922,habr.com
3923,wpxi.com
3924,thinkwithgoogle.com
3925,abchina.com
3926,qunar.com
3927,doktersehat.com
3928,caesars.com
3929,home.kpmg
3930,eshkol.io
3931,brassring.com
3932,lbl.gov
3933,smashwords.com
3934,discovermagazine.com
3935,acumos.accountant
3936,kuaidi100.com
3937,makezine.com
3938,zoominfo.com
3939,tn.gov
3940,bao315.com
3941,trustednotice.news
3942,jwpcdn.com
3943,tate.org.uk
3944,htc.com
3945,aviasales.ru
3946,jobvite.com
3947,colossusssp.com
3948,vectorstock.com
3949,dollargeneral.com
3950,opensooq.com
3951,readms.net
3952,wireshark.org
3953,haberler.com
3954,prntscr.com
3955,tawk.to
3956,truecaller.com
3957,weightwatchers.com
3958,centos.org
3959,forrester.com
3960,uc.edu
3961,dynamics.com
3962,onetrust.com
3963,imagetwist.com
3964,liquor.com
3965,ou.edu
3966,fu-berlin.de
3967,boohoo.com
3968,bmo.com
3969,screencast.com
3970,grunge.com
3971,oclc.org
3972,shop-apotheke.com
3973,sparknotes.com
3974,skillshare.com
3975,cedexis.com
3976,vw.com
3977,vanguardngr.com
3978,clemson.edu
3979,porn.com
3980,mediaset.it
3981,amazonvideo.com
3982,remax.com
3983,turnitin.com
3984,academic.ru
3985,pokemon.com
3986,eklablog.com
3987,siteground.com
3988,tgju.org
3989,qualcomm.com
3990,kargo.com
3991,distractify.com
3992,uc.cn
3993,radiotimes.com
3994,chinachugui.com
3995,mp3teca.com
3996,malavida.com
3997,pushmobilenews.com
3998,rte.ie
3999,studentloans.gov
4000,tribune.com.pk
4001,getgo.com
4002,khaleejtimes.com
4003,cookinglight.com
4004,lendingtree.com
4005,acubec.accountant
4006,po.st
4007,mayoclinic.com
4008,peta.org
4009,ohio-state.edu
4010,acxiomapac.com
4011,cricketwireless.com
4012,usu.edu
4013,fnac.com
4014,iol.co.za
4015,gumtree.com
4016,ku6.com
4017,blackdoctor.org
4018,atlantablackstar.com
4019,venmo.com
4020,newsvine.com
4021,bouncex.net
4022,sphinx-doc.org
4023,mediaalpha.com
4024,tesco.com
4025,rand.org
4026,unrealengine.com
4027,musical.ly
4028,specificfeeds.com
4029,tickets-center.com
4030,binance.com
4031,newsnow.co.uk
4032,bp.com
4033,jsfiddle.net
4034,hellogiggles.com
4035,lequipe.fr
4036,timeshighereducation.com
4037,a3cloud.net
4038,blogspot.jp
4039,theme-fusion.com
4040,animenewsnetwork.com
4041,realityblurb.com
4042,windy.com
4043,mmamania.com
4044,kodak.com
4045,xtube.com
4046,business2community.com
4047,nouvelobs.com
4048,carnival.com
4049,kino-teatr.ru
4050,catchthemes.com
4051,bitcoin.org
4052,meituan.com
4053,blogtalkradio.com
4054,graphicriver.net
4055,donaldjtrump.com
4056,lordsfilm.tv
4057,freehostia.com
4058,krakow.pl
4059,plannedparenthood.org
4060,turner.com
4061,hercampus.com
4062,tiscali.it
4063,dellsupportcenter.com
4064,lihkg.com
4065,studentdoctor.net
4066,colorado.gov
4067,mergedocsnow.com
4068,skrill.com
4069,fiu.edu
4070,9jg5.accountant
4071,arga-mag.com
4072,greenhouse.io
4073,collegeconfidential.com
4074,fontspace.com
4075,stern.de
4076,tiki.vn
4077,baixing.com
4078,beatport.com
4079,publishersweekly.com
4080,indystar.com
4081,ssisurveys.com
4082,invisionapp.com
4083,a2z.com
4084,babyschool.com.cn
4085,oath.cloud
4086,penguinrandomhouse.com
4087,successfactors.eu
4088,mobafire.com
4089,bible.com
4090,elzmannews.com
4091,vcu.edu
4092,thewrap.com
4093,lastampa.it
4094,ezgif.com
4095,mgtv.com
4096,softfamous.com
4097,deviantart.net
4098,i.ua
4099,axios.com
4100,yammer.com
4101,onedrive.com
4102,syracuse.com
4103,govdelivery.com
4104,airtel.in
4105,bytefence.com
4106,cibercuba.com
4107,dothome.co.kr
4108,kinozal.tv
4109,kia.com
4110,zhibo8.cc
4111,businessinsider.com.au
4112,theindychannel.com
4113,celebuzz.com
4114,searchenginewatch.com
4115,nginx.net
4116,pbc.gov.cn
4117,kaltura.com
4118,piktochart.com
4119,recaptcha.net
4120,ato.gov.au
4121,nazwa.pl
4122,trustedreviews.com
4123,nexage.com
4124,pinterest.de
4125,kqzyfj.com
4126,rivals.com
4127,meetme.com
4128,laprensagrafica.com
4129,getcomposer.org
4130,wsimg.com
4131,lululemon.com
4132,telenet.be
4133,sohh.com
4134,bravotv.com
4135,rover.com
4136,amazonalexa.com
4137,nypl.org
4138,klm.com
4139,blip.tv
4140,cic.gc.ca
4141,jal.co.jp
4142,amazon.ae
4143,torrentfreak.com
4144,osym.gov.tr
4145,9ikx.accountant
4146,anthropologie.com
4147,uptodate.com
4148,letgo.com
4149,caixabank.es
4150,mercadolibre.com.co
4151,cultofmac.com
4152,supersonicads.com
4153,dominos.com
4154,wiocha.pl
4155,wetteronline.de
4156,cigna.com
4157,allafrica.com
4158,clien.net
4159,tomtom.com
4160,legalzoom.com
4161,alexametrics.com
4162,shopstyle.com
4163,aif.ru
4164,chinafloor.cn
4165,obozrevatel.com
4166,exdynsrv.com
4167,cnyes.com
4168,hkgolden.com
4169,sirsi.net
4170,kmart.com
4171,impdesk.com
4172,esri.com
4173,symantecliveupdate.com
4174,dish.com
4175,protothema.gr
4176,radikal.ru
4177,oanda.com
4178,prensalibre.com
4179,vzwwo.com
4180,pprq7.com
4181,desmoinesregister.com
4182,uvm.edu
4183,dpbolvw.net
4184,samhsa.gov
4185,postimg.cc
4186,duba.com
4187,walkme.com
4188,easyziptab.com
4189,notepad-plus-plus.org
4190,hibapress.com
4191,mafengwo.cn
4192,worldstarhiphop.com
4193,hometownlocator.com
4194,togetter.com
4195,navdmp.com
4196,schneider-electric.com
4197,affordable-papers.net
4198,stats.gov.cn
4199,fextralife.com
4200,wunderlist.com
4201,nascar.com
4202,eurosport.com
4203,cibc.com
4204,cheapflights.com
4205,pdffiller.com
4206,faithit.com
4207,famousfootwear.com
4208,sophosupd.com
4209,comandotorrents.com
4210,zapier.com
4211,pagesix.com
4212,xsrv.jp
4213,cryoutcreations.eu
4214,patagonia.com
4215,bellesa.co
4216,haber7.com
4217,poetryfoundation.org
4218,vimeocdn.com
4219,9g8cn.accountant
4220,hi.ru
4221,gnupg.org
4222,cutestat.com
4223,gismeteo.ua
4224,edgecastcdn.net
4225,smzdm.com
4226,chinanetrank.com
4227,baskino.me
4228,heritage.org
4229,bbcgoodfood.com
4230,geocaching.com
4231,opencart.com
4232,medianewtab.com
4233,rajasthan.gov.in
4234,almubasher.com.sa
4235,caringbridge.org
4236,limetorrents.info
4237,deutsche-bank.de
4238,blogspot.nl
4239,wanadoo.fr
4240,chinaweiyu.com
4241,echosign.com
4242,mvideo.ru
4243,foxitsoftware.com
4244,imperial.ac.uk
4245,silverscreenandroll.com
4246,regions.com
4247,wnyc.org
4248,1xbet.com
4249,trust.org
4250,adswizz.com
4251,thejasminebrand.com
4252,playjunkie.com
4253,ua.edu
4254,amarktflow.com
4255,ccavenue.com
4256,tdscpc.gov.in
4257,mta.info
4258,audioboom.com
4259,ritzcarlton.com
4260,survivornet.com
4261,123-reg-new-domain.co.uk
4262,paytm.in
4263,safeway.com
4264,cincinnati.com
4265,crateandbarrel.com
4266,cuhk.edu.hk
4267,autozone.com
4268,pen.io
4269,people.com.cn
4270,netease.com
4271,n-tv.de
4272,culturemap.com
4273,shrm.org
4274,cnrs.fr
4275,chinayigui.com
4276,mptentry.com
4277,jusbrasil.com.br
4278,bose.com
4279,printfriendly.com
4280,rotita.com
4281,bayt.com
4282,el-nacional.com
4283,vancouversun.com
4284,dailysignal.com
4285,snapwidget.com
4286,chinamenwang.com
4287,zcool.com.cn
4288,duapps.com
4289,handelsblatt.com
4290,smore.com
4291,filehorse.com
4292,footlocker.com
4293,carbonmade.com
4294,masslive.com
4295,royalcaribbean.com
4296,greenend.org.uk
4297,informationvine.com
4298,uni-muenchen.de
4299,idealo.de
4300,9c3e.accountant
4301,litres.ru
4302,21cn.com
4303,vecteezy.com
4304,lightwidget.com
4305,clarium.io
4306,nationaldaycalendar.com
4307,capterra.com
4308,fordham.edu
4309,adorama.com
4310,gasbuddy.com
4311,smartclip.net
4312,bovada.lv
4313,listverse.com
4314,yoast.com
4315,finalfantasyxiv.com
4316,celebrityinsider.org
4317,life360.com
4318,inmotionhosting.com
4319,heroku.com
4320,coldwellbankerhomes.com
4321,olx.ro
4322,infogram.com
4323,mydramalist.com
4324,178.com
4325,ahlmasrnews.com
4326,europa.eu.int
4327,rapidtables.com
4328,elcomercio.pe
4329,avocet.io
4330,google.bg
4331,greatandhra.com
4332,phillymag.com
4333,sxsw.com
4334,aafp.org
4335,elitedaily.com
4336,webcrawler.com
4337,smaato.net
4338,brownpapertickets.com
4339,theporndude.com
4340,vans.com
4341,yourmechanic.com
4342,ebrun.com
4343,dikaiologitika.gr
4344,advocate.com
4345,mosaiquefm.net
4346,elgenero.com
4347,aftership.com
4348,idc.com
4349,shomanews.com
4350,tickets.com
4351,softbank.jp
4352,kentucky.com
4353,yummly.com
4354,fqtag.com
4355,google.hr
4356,lnkd.in
4357,supremecourt.gov
4358,destructoid.com
4359,derstandard.at
4360,qcloud.com
4361,golfweek.com
4362,blockchain.com
4363,piliapp.com
4364,9bhu.accountant
4365,dict.cc
4366,speakerdeck.com
4367,jma.go.jp
4368,monografias.com
4369,clipconverter.cc
4370,myheritage.com
4371,sciencenews.org
4372,fanbuzz.com
4373,decipherinc.com
4374,thetrainline.com
4375,kissmetrics.com
4376,ouo.press
4377,wargaming.net
4378,tabnak.ir
4379,crutchfield.com
4380,whu.edu.cn
4381,duke-energy.com
4382,bluecava.com
4383,jia400.com
4384,gao.gov
4385,elsalvador.com
4386,babbel.com
4387,spotim.market
4388,lazada.com.my
4389,yifysubtitles.com
4390,spreadshirt.com
4391,jwpltx.com
4392,nissanusa.com
4393,dior.com
4394,creditcards.com
4395,deepintent.com
4396,toapodazoay.com
4397,blog.ir
4398,vmall.com
4399,shop-pro.jp
4400,optimum.net
4401,t66y.com
4402,livedoor.biz
4403,zaycev.net
4404,alibaba-inc.com
4405,foodnetwork.co.uk
4406,dailytelegraph.com.au
4407,adafruit.com
4408,heraldsun.com.au
4409,accountkit.com
4410,hipwee.com
4411,html5up.net
4412,rt.ru
4413,toptenreviews.com
4414,motherless.com
4415,lfstmedia.com
4416,pro-market.net
4417,appier.net
4418,bostonherald.com
4419,lds.org
4420,vg247.com
4421,itunes.com
4422,189.cn
4423,lightinthebox.com
4424,giantbomb.com
4425,eluniverso.com
4426,eatthis.com
4427,jagran.com
4428,postimage.org
4429,earthsky.org
4430,ilfattoquotidiano.it
4431,mohurd.gov.cn
4432,tamilrockers.ws
4433,northerntool.com
4434,ncl.com
4435,vip.com
4436,kmail-lists.com
4437,pearltrees.com
4438,tudelft.nl
4439,9-fucker.accountant
4440,babynamewizard.com
4441,01net.com
4442,nrdc.org
4443,alight.com
4444,ninjajournalist.com
4445,pinterest.com.au
4446,naturalnews.com
4447,heycould.com
4448,helpguide.org
4449,twoo.com
4450,aldar.ma
4451,2ch.net
4452,nbcbayarea.com
4453,lever.co
4454,iconfinder.com
4455,uline.com
4456,tap.az
4457,getyourguide.com
4458,unfccc.int
4459,ustc.edu.cn
4460,ingentaconnect.com
4461,online-metrix.net
4462,petfinder.com
4463,fox.com
4464,ericsson.com
4465,tci.ir
4466,258.com
4467,kuleuven.be
4468,kapook.com
4469,wayne.edu
4470,on24.com
4471,eee114.com
4472,hanime.tv
4473,xbombo.com
4474,bibox.com
4475,chick-fil-a.com
4476,fmkorea.com
4477,etix.com
4478,mhlw.go.jp
4479,abema.tv
4480,wikitravel.org
4481,parsfootball.com
4482,exhentai.org
4483,ubereats.com
4484,jalbum.net
4485,fmprc.gov.cn
4486,pornhd.com
4487,buffalonews.com
4488,planetfitness.com
4489,technoratimedia.com
4490,cengage.com
4491,videohive.net
4492,xg4ken.com
4493,btstatic.com
4494,9news.com
4495,nikkansports.com
4496,lawyers.com
4497,r7.com
4498,asm.org
4499,unpkg.com
4500,9384.com
4501,cian.ru
4502,junwonsil.com
4503,8tube.accountant
4504,indoxx1.stream
4505,lifestyle-a2z.com
4506,sltrib.com
4507,torob.com
4508,investors.com
4509,juntadeandalucia.es
4510,jstv.com
4511,easybib.com
4512,queerty.com
4513,laposte.fr
4514,osd.mil
4515,xabbs.com
4516,anthem.com
4517,whiskeyriff.com
4518,cancerresearchuk.org
4519,bobvila.com
4520,coub.com
4521,cpx.to
4522,lifehacker.ru
4523,no-ip.org
4524,mufg.jp
4525,userbenchmark.com
4526,t-nation.com
4527,home77.com
4528,thomann.de
4529,sny.tv
4530,citationmachine.net
4531,logistics.dhl
4532,fontsquirrel.com
4533,shell.com
4534,armorgames.com
4535,dostor.org
4536,eztv.io
4537,tradingeconomics.com
4538,coremail.cn
4539,openculture.com
4540,trustx.org
4541,listindiario.com
4542,oraclecloud.com
4543,tagesspiegel.de
4544,harley-davidson.com
4545,rp5.ru
4546,energystar.gov
4547,geico.com
4548,beyondmenu.com
4549,tunefind.com
4550,trafficfactory.biz
4551,nottingham.ac.uk
4552,huim.com
4553,google.rs
4554,dmca.com
4555,manchestereveningnews.co.uk
4556,homes.com
4557,yektanet.com
4558,vvvdj.com
4559,hackaday.com
4560,sjsu.edu
4561,horriblesubs.info
4562,parentztalk.com
4563,rarlab.com
4564,thedelite.com
4565,crocs.com
4566,msidentity.com
4567,sankei.com
4568,financialpost.com
4569,hotpepper.jp
4570,hiphopdx.com
4571,ashemaletube.com
4572,myfedloan.org
4573,sonos.com
4574,hi5.com
4575,omaha.com
4576,eol.cn
4577,liveabout.com
4578,winningpokernetwork.com
4579,theinfatuation.com
4580,8mpg.accountant
4581,afreecatv.com
4582,blogspot.ru
4583,pornhubpremium.com
4584,readthedocs.org
4585,brother.com
4586,findsimilar.com
4587,porntrex.com
4588,chissk.icu
4589,ru4.com
4590,wctv.tv
4591,klikbca.com
4592,get-express-vpn.com
4593,csiro.au
4594,dilbert.com
4595,bizapedia.com
4596,hostelworld.com
4597,netfirms.com
4598,ovh.co.uk
4599,dairyqueen.com
4600,findarticles.com
4601,mheducation.com
4602,e-monsite.com
4603,irna.ir
4604,meduza.io
4605,sbisec.co.jp
4606,fishki.net
4607,bdimg.com
4608,iweihai.cn
4609,politico.eu
4610,sojern.com
4611,fortunecity.com
4612,weedmaps.com
4613,techadvisor.co.uk
4614,ad-stir.com
4615,downloadastro.com
4616,emeraldinsight.com
4617,navient.com
4618,webshots.com
4619,messefrankfurt.com
4620,vzw.com
4621,landwatch.com
4622,manganelo.com
4623,vsco.co
4624,at.ua
4625,filecrypt.cc
4626,businesstoday.com.tw
4627,mango.com
4628,filmibeat.com
4629,webopedia.com
4630,mongodb.com
4631,plista.com
4632,frys.com
4633,orientaltrading.com
4634,wmagazine.com
4635,duowan.com
4636,dantri.com.vn
4637,phoenixnewtimes.com
4638,masterpapers.com
4639,kaggle.com
4640,plala.or.jp
4641,letour.fr
4642,r-project.org
4643,elbotola.com
4644,doc88.com
4645,houstonchronicle.com
4646,vlive.tv
4647,society6.com
4648,food.com
4649,ule.com
4650,kugou.com
4651,seatgeek.com
4652,otomoto.pl
4653,corporate-ir.net
4654,tkqlhce.com
4655,funnyordie.com
4656,mrpdata.net
4657,geekwire.com
4658,torontosun.com
4659,salamdl.info
4660,postmates.com
4661,sheknows.com
4662,expert-writers.net
4663,8mov.accountant
4664,yidianzixun.com
4665,quasa.io
4666,angonoticias.com
4667,gimy.tv
4668,democracynow.org
4669,fnb.co.za
4670,vcommission.com
4671,getyarn.io
4672,marketo.com
4673,rug.nl
4674,drugabuse.gov
4675,torrentz2.eu
4676,githubusercontent.com
4677,beijing.gov.cn
4678,e-recht24.de
4679,ewg.org
4680,olymptrade.com
4681,collegehumor.com
4682,shaw.ca
4683,similarweb.com
4684,creditchina.gov.cn
4685,bankcomm.com
4686,google.com.ly
4687,american.edu
4688,liqu.com
4689,thriftbooks.com
4690,utarget.ru
4691,ashleyfurniture.com
4692,themuse.com
4693,afr.com
4694,cj.com
4695,mcmaster.ca
4696,oeeee.com
4697,groupme.com
4698,newstatesman.com
4699,one.com
4700,mykajabi.com
4701,blocket.se
4702,liebertpub.com
4703,financialexpress.com
4704,anydesk.com
4705,hasbro.com
4706,triblive.com
4707,tnaflix.com
4708,jwpsrv.com
4709,georgia.gov
4710,auburn.edu
4711,essayswriting.org
4712,chaduo.com
4713,fotostrana.ru
4714,nbcwashington.com
4715,pantone.com
4716,sharepointonline.com
4717,stylebistro.com
4718,ringcentral.com
4719,zynga.com
4720,telegra.ph
4721,baylor.edu
4722,pandasecurity.com
4723,windowsreport.com
4724,pdx.edu
4725,thedrum.com
4726,spankwire.com
4727,freemake.com
4728,etsystatic.com
4729,bookbub.com
4730,hsbc.com
4731,yieldlab.net
4732,creativecdn.com
4733,ilsole24ore.com
4734,guidestar.org
4735,8g8b.accountant
4736,maine.gov
4737,betanews.com
4738,playstation.net
4739,bradsdeals.com
4740,epymtservice.com
4741,podomatic.com
4742,fastcodesign.com
4743,mts.ru
4744,synology.com
4745,v-s.mobi
4746,google.kz
4747,payforessay.net
4748,usaid.gov
4749,newsmth.net
4750,naijaloaded.com.ng
4751,liepin.com
4752,trust-provider.com
4753,service-public.fr
4754,ouest-france.fr
4755,apkmirror.com
4756,vietnamnet.vn
4757,hypebeast.com
4758,sony.net
4759,tamin.ir
4760,dahe.cn
4761,brazzers.com
4762,monash.edu
4763,siteorigin.com
4764,valuecommerce.com
4765,kahoot.it
4766,crooksandliars.com
4767,opensecrets.org
4768,tutu.ru
4769,google.com.kw
4770,books.com.tw
4771,adadvisor.net
4772,transunion.com
4773,glpals.com
4774,enorth.com.cn
4775,gradeup.co
4776,mohrss.gov.cn
4777,cdn-apple.com
4778,mashed.com
4779,alternativeto.net
4780,ncl.ac.uk
4781,wdc.com
4782,google.com.ng
4783,dexerto.com
4784,windscribe.com
4785,tripstodiscover.com
4786,waveapps.com
4787,ebaystatic.com
4788,essay-company.com
4789,code.org
4790,wdr.de
4791,budget.com
4792,fbdown.net
4793,donanimhaber.com
4794,kent.edu
4795,discoverlosangeles.com
4796,skynet.be
4797,loudwire.com
4798,education.com
4799,okstate.edu
4800,olark.com
4801,partsgeek.com
4802,juicyads.com
4803,kcl.ac.uk
4804,moonfruit.com
4805,aternos.org
4806,8bestgreat.accountant
4807,thejakartapost.com
4808,marketplace.org
4809,allegiantair.com
4810,mendeley.com
4811,topsy.com
4812,lpsnmedia.net
4813,latam.com
4814,etrailer.com
4815,passkey.com
4816,finishline.com
4817,lesechos.fr
4818,mcafeemobilesecurity.com
4819,tineye.com
4820,opensubtitles.org
4821,k2s.cc
4822,thespruceeats.com
4823,9to5google.com
4824,eyereturn.com
4825,khabaronline.ir
4826,selfridges.com
4827,parivahan.gov.in
4828,xv11.xyz
4829,telugu360.com
4830,otterbox.com
4831,libertymutual.com
4832,todoist.com
4833,starfieldtech.com
4834,16personalities.com
4835,comscore.com
4836,filmaffinity.com
4837,animoto.com
4838,splashthat.com
4839,prizegrab.com
4840,dispatch.com
4841,northjersey.com
4842,courier-journal.com
4843,acuityscheduling.com
4844,magento.com
4845,jmw.com.cn
4846,thermofisher.com
4847,cnbcindonesia.com
4848,db.tt
4849,nybooks.com
4850,poki.com
4851,wanfangdata.com.cn
4852,timesunion.com
4853,spotxcdn.com
4854,flexmls.com
4855,simayeaval.com
4856,urechar.com
4857,slashgear.com
4858,forexfactory.com
4859,thenest.com
4860,sanjesh.org
4861,cnhubei.com
4862,o2.pl
4863,amarujala.com
4864,bastillepost.com
4865,usgbc.org
4866,google.co.nz
4867,berlin.de
4868,creditviewdashboard.com
4869,easports.com
4870,saksfifthavenue.com
4871,yandex.kz
4872,eclinicalweb.com
4873,daringfireball.net
4874,rogerebert.com
4875,swissinfo.ch
4876,wallethub.com
4877,micpn.com
4878,gandi.net
4879,jugem.jp
4880,liberty.edu
4881,vestacp.com
4882,dollartree.com
4883,besoccer.com
4884,customs.gov.cn
4885,88gt.accountant
4886,smallbiztrends.com
4887,bbci.co.uk
4888,web.com
4889,etherscan.io
4890,gigazine.net
4891,artnet.com
4892,kotak.com
4893,nianticlabs.com
4894,simonandschuster.com
4895,appuals.com
4896,aspca.org
4897,shazam.com
4898,theblaze.com
4899,aa.com.tr
4900,avis.com
4901,keepvid.pro
4902,3sk.co
4903,kyoto-u.ac.jp
4904,apptentive.com
4905,postbank.de
4906,cfr.org
4907,nabble.com
4908,thetruthaboutguns.com
4909,ennaharonline.com
4910,dnaindia.com
4911,proxtpb.art
4912,adscale.de
4913,textnow.com
4914,jobrapido.com
4915,zoomit.ir
4916,dunyanews.tv
4917,didna.io
4918,freebitco.in
4919,republika.co.id
4920,cameo.com
4921,picmonkey.com
4922,hitomi.la
4923,grist.org
4924,adultonlinegame.net
4925,metafilter.com
4926,burberry.com
4927,telegraf.com.ua
4928,bizpacreview.com
4929,thepetitionsite.com
4930,enstage-sas.com
4931,mathsisfun.com
4932,justpremium.com
4933,bloody-disgusting.com
4934,eastdane.com
4935,gsa.gov
4936,digikey.com
4937,bmwusa.com
4938,newser.com
4939,alberta.ca
4940,tenor.com
4941,lazada.com.ph
4942,wordstream.com
4943,kstp.com
4944,linguee.com
4945,newchic.com
4946,thehindubusinessline.com
4947,dignitymemorial.com
4948,io9.com
4949,ecwid.com
4950,blurb.com
4951,wweek.com
4952,888fuck.accountant
4953,tcs.com
4954,panda.org
4955,bostonmagazine.com
4956,trip.com
4957,ubnt.com
4958,gamasutra.com
4959,businessdictionary.com
4960,jjwxc.net
4961,wechat.com
4962,hayneedle.com
4963,inner-active.mobi
4964,onliner.by
4965,moviefone.com
4966,koreatimes.co.kr
4967,flirt4free.com
4968,gvt3.com
4969,uu.se
4970,gnavi.co.jp
4971,recreation.gov
4972,evite.com
4973,dw.de
4974,yelp.ca
4975,uni-heidelberg.de
4976,dazeddigital.com
4977,metoffice.gov.uk
4978,nj.gov
4979,quikr.com
4980,paris.fr
4981,jalan.net
4982,doe.gov
4983,investorplace.com
4984,techtimes.com
4985,pathofexile.com
4986,tomsk.ru
4987,yggtorrent.ch
4988,zotero.org
4989,questdiagnostics.com
4990,fliphtml5.com
4991,quickenloans.com
4992,onedio.com
4993,rferl.org
4994,jeep.com
4995,kit.edu
4996,lgbtqnation.com
4997,yastatic.net
4998,impots.gouv.fr
4999,omegle.com
5000,cagesideseats.com
